timestamp,reliability,roll,pitch,yaw
560118,2,-60.48,-18.72,223.67
560122,2,-60.33,-18.61,223.56
560126,2,-59.86,-18.2,223.15
560130,2,-59.68,-18.03,222.98
560134,2,-59.55,-17.91,222.86
560138,2,-59.39,-17.77,222.72
560142,2,-58.72,-17.18,222.15
560146,2,-58.52,-17.01,221.98
560150,2,-58.29,-16.8,221.78
560154,2,-57.95,-16.53,221.52
560158,2,-57.68,-16.31,221.31
560162,2,-57.56,-16.21,221.21
560166,2,-56.95,-15.73,220.75
560170,2,-56.71,-15.55,220.59
560174,2,-56.3,-15.26,220.3
560178,2,-56.02,-15.05,220.1
560182,2,-55.44,-14.65,219.72
560185,2,-55.19,-14.48,219.57
560190,2,-54.94,-14.32,219.42
560194,2,-54.47,-14.03,219.14
560198,2,-54.08,-13.79,218.92
560202,2,-53.69,-13.56,218.69
560209,2,-52.98,-13.14,218.3
560216,2,-52.21,-12.72,217.9
560220,2,-51.95,-12.58,217.77
560224,2,-51.7,-12.45,217.64
560228,2,-50.9,-12.04,217.24
560232,2,-50.58,-11.89,217.09
560236,2,-50.38,-11.78,216.98
560240,2,-50.09,-11.65,216.85
560244,2,-49.04,-11.18,216.39
560248,2,-48.74,-11.05,216.26
560252,2,-48.42,-10.91,216.12
560256,2,-47.93,-10.69,215.92
560260,2,-47.57,-10.53,215.77
560264,2,-46.87,-10.23,215.52
560268,2,-46.57,-10.1,215.41
560272,2,-46.29,-9.97,215.32
560276,2,-45.79,-9.74,215.16
560279,2,-45.49,-9.6,215.06
560283,2,-45.26,-9.49,214.99
560287,2,-45.02,-9.37,214.93
560291,2,-44.26,-9.01,214.72
560295,2,-44.01,-8.88,214.65
560299,2,-43.78,-8.76,214.6
560303,2,-43.08,-8.39,214.43
560310,2,-42.63,-8.14,214.31
560313,2,-42.4,-8.02,214.25
560317,2,-42.17,-7.9,214.2
560321,2,-41.73,-7.66,214.08
560325,2,-41.52,-7.55,214.03
560330,2,-41.1,-7.33,213.92
560334,2,-40.68,-7.13,213.82
560338,2,-40.14,-6.9,213.68
560342,2,-40.07,-6.86,213.66
560346,2,-39.53,-6.65,213.51
560349,2,-39.48,-6.63,213.49
560356,2,-38.95,-6.44,213.33
560359,2,-38.56,-6.32,213.21
560363,2,-38.37,-6.26,213.15
560367,2,-37.99,-6.17,213.03
560371,2,-37.71,-6.09,212.92
560375,2,-37.49,-6.04,212.85
560379,2,-37.23,-5.98,212.75
560382,2,-37,-5.94,212.67
560386,2,-36.74,-5.88,212.57
560390,2,-36.52,-5.83,212.49
560394,2,-36.44,-5.81,212.46
560398,2,-35.97,-5.71,212.29
560402,2,-35.8,-5.67,212.22
560405,2,-35.64,-5.64,212.16
560409,2,-35.5,-5.6,212.11
560413,2,-35.02,-5.5,211.94
560417,2,-34.87,-5.46,211.88
560421,2,-34.72,-5.43,211.83
560425,2,-34.24,-5.33,211.67
560428,2,-34.09,-5.29,211.62
560432,2,-33.79,-5.22,211.51
560436,2,-33.64,-5.2,211.47
560440,2,-33.43,-5.16,211.39
560444,2,-33.2,-5.11,211.32
560448,2,-32.96,-5.08,211.26
560451,2,-32.9,-5.06,211.24
560455,2,-32.5,-5,211.12
560459,2,-32.45,-4.99,211.11
560463,2,-32,-4.92,210.99
560469,2,-31.7,-4.87,210.9
560473,2,-31.41,-4.82,210.82
560481,2,-30.94,-4.74,210.7
560484,2,-30.78,-4.69,210.65
560490,2,-30.46,-4.62,210.58
560494,2,-30.3,-4.58,210.54
560498,2,-29.86,-4.46,210.45
560502,2,-29.8,-4.44,210.44
560505,2,-29.49,-4.32,210.37
560509,2,-29.1,-4.17,210.29
560513,2,-28.85,-4.07,210.25
560517,2,-28.6,-3.97,210.2
560521,2,-28.32,-3.84,210.16
560525,2,-28.15,-3.76,210.12
560528,2,-27.84,-3.61,210.06
560532,2,-27.59,-3.5,210.02
560536,2,-27.34,-3.38,209.97
560540,2,-27.09,-3.25,209.92
560544,2,-26.84,-3.13,209.87
560548,2,-26.52,-2.99,209.8
560551,2,-26.34,-2.9,209.77
560555,2,-26.05,-2.76,209.71
560559,2,-25.84,-2.67,209.67
560563,2,-25.72,-2.62,209.64
560567,2,-25.55,-2.55,209.6
560571,2,-25.04,-2.34,209.5
560574,2,-24.88,-2.28,209.46
560578,2,-24.71,-2.21,209.43
560582,2,-24.2,-2.03,209.32
560586,2,-24.02,-1.96,209.28
560590,2,-23.68,-1.84,209.2
560594,2,-23.48,-1.78,209.16
560597,2,-23.2,-1.7,209.1
560601,2,-23.15,-1.68,209.09
560605,2,-22.66,-1.54,208.98
560609,2,-22.6,-1.52,208.97
560613,2,-22.1,-1.39,208.86
560617,2,-22.07,-1.37,208.85
560620,2,-21.7,-1.28,208.79
560624,2,-21.52,-1.23,208.75
560628,2,-21.17,-1.13,208.69
560632,2,-20.98,-1.08,208.65
560636,2,-20.62,-0.97,208.59
560640,2,-20.44,-0.92,208.56
560643,2,-19.87,-0.75,208.46
560647,2,-19.68,-0.69,208.44
560651,2,-19.5,-0.63,208.4
560656,2,-19,-0.48,208.32
560660,2,-18.73,-0.39,208.29
560664,2,-18.31,-0.25,208.22
560668,2,-18.15,-0.2,208.2
560671,2,-17.95,-0.13,208.17
560675,2,-17.41,0.07,208.09
560679,2,-17.21,0.14,208.06
560686,2,-16.62,0.34,207.97
560689,2,-16.38,0.42,207.94
560693,2,-15.97,0.54,207.89
560697,2,-15.56,0.66,207.84
560703,2,-15.36,0.71,207.81
560707,2,-14.94,0.81,207.76
560711,2,-14.72,0.86,207.74
560714,2,-14.17,0.96,207.69
560718,2,-14.06,0.99,207.68
560722,2,-13.39,1.11,207.62
560726,2,-13.17,1.14,207.61
560729,2,-12.81,1.2,207.58
560733,2,-12.46,1.25,207.56
560737,2,-12.11,1.3,207.54
560740,2,-11.74,1.35,207.52
560744,2,-11.49,1.38,207.5
560748,2,-10.75,1.48,207.47
560752,2,-10.51,1.51,207.47
560755,2,-10.25,1.54,207.46
560759,2,-9.76,1.61,207.46
560763,2,-9.48,1.66,207.45
560767,2,-9,1.73,207.46
560771,2,-8.73,1.77,207.46
560774,2,-8.39,1.83,207.46
560778,2,-8.27,1.85,207.46
560781,2,-8.01,1.9,207.47
560785,2,-7.53,2,207.47
560789,2,-7.3,2.05,207.47
560792,2,-6.81,2.15,207.48
560796,2,-6.3,2.27,207.49
560800,2,-6.13,2.32,207.49
560803,2,-5.65,2.43,207.5
560807,2,-5.26,2.54,207.51
560810,2,-5.01,2.6,207.51
560814,2,-4.62,2.71,207.53
560818,2,-4.4,2.77,207.53
560822,2,-4.01,2.88,207.54
560825,2,-3.8,2.93,207.54
560829,2,-3.52,3,207.54
560832,2,-3.4,3.03,207.55
560836,2,-3.21,3.08,207.55
560840,2,-2.82,3.18,207.55
560843,2,-2.4,3.28,207.55
560847,2,-2.26,3.31,207.54
560851,2,-1.87,3.39,207.55
560854,2,-1.56,3.46,207.54
560859,2,-1.36,3.48,207.54
560862,2,-1.04,3.53,207.53
560866,2,-0.81,3.56,207.53
560872,2,-0.55,3.6,207.52
560875,2,-0.39,3.61,207.52
560879,2,-0.01,3.64,207.51
560882,2,0.22,3.66,207.51
560889,2,0.65,3.67,207.5
560893,2,0.78,3.67,207.5
560896,2,0.91,3.67,207.5
560900,2,1.06,3.68,207.5
560903,2,1.36,3.68,207.5
560907,2,1.45,3.68,207.5
560911,2,1.57,3.68,207.49
560914,2,1.83,3.69,207.5
560918,2,2.08,3.7,207.51
560922,2,2.3,3.71,207.52
560925,2,2.41,3.73,207.53
560929,2,2.63,3.75,207.54
560932,2,2.74,3.77,207.55
560936,2,2.94,3.8,207.56
560940,2,3.04,3.82,207.58
560943,2,3.24,3.86,207.59
560947,2,3.34,3.89,207.6
560951,2,3.46,3.92,207.62
560954,2,3.53,3.95,207.62
560958,2,3.62,3.97,207.63
560961,2,3.85,4.05,207.67
560965,2,3.99,4.1,207.68
560968,2,4.11,4.15,207.7
560972,2,4.16,4.17,207.71
560975,2,4.26,4.2,207.72
560979,2,4.49,4.29,207.75
560982,2,4.52,4.3,207.76
560986,2,4.61,4.34,207.77
560989,2,4.78,4.4,207.8
560993,2,4.87,4.43,207.81
560997,2,5.04,4.49,207.84
561000,2,5.22,4.55,207.87
561004,2,5.37,4.61,207.88
561007,2,5.46,4.63,207.9
561011,2,5.62,4.68,207.92
561014,2,5.7,4.7,207.92
561018,2,5.8,4.73,207.93
561021,2,5.87,4.74,207.94
561025,2,5.95,4.76,207.95
561029,2,6.16,4.81,207.96
561032,2,6.28,4.83,207.96
561036,2,6.4,4.86,207.97
561039,2,6.54,4.88,207.97
561043,2,6.63,4.9,207.98
561046,2,6.71,4.91,207.98
561050,2,6.8,4.93,207.98
561053,2,6.88,4.94,207.98
561057,2,7.06,4.97,207.97
561060,2,7.15,4.98,207.97
561064,2,7.4,5.02,207.96
561067,2,7.54,5.04,207.95
561071,2,7.67,5.07,207.94
561075,2,7.83,5.09,207.93
561078,2,7.97,5.11,207.92
561082,2,8.02,5.12,207.91
561085,2,8.13,5.14,207.91
561089,2,8.42,5.19,207.89
561092,2,8.47,5.2,207.89
561096,2,8.58,5.22,207.88
561099,2,8.81,5.25,207.87
561103,2,9.04,5.3,207.86
561106,2,9.29,5.34,207.86
561111,2,9.44,5.36,207.85
561114,2,9.67,5.4,207.85
561121,2,10.08,5.46,207.86
561130,2,10.51,5.52,207.86
561133,2,10.8,5.56,207.86
561137,2,10.94,5.58,207.86
561141,2,11.15,5.61,207.86
561144,2,11.24,5.63,207.86
561148,2,11.4,5.66,207.86
561152,2,11.72,5.7,207.86
561155,2,11.87,5.72,207.85
561159,2,12.32,5.79,207.84
561163,2,12.36,5.79,207.84
561166,2,12.8,5.85,207.82
561170,2,13.06,5.89,207.81
561174,2,13.2,5.91,207.8
561177,2,13.56,5.95,207.78
561181,2,13.88,5.98,207.76
561184,2,14.06,6,207.75
561188,2,14.23,6.02,207.73
561192,2,14.41,6.02,207.72
561195,2,14.6,6.04,207.71
561199,2,14.95,6.06,207.68
561203,2,15.13,6.07,207.67
561206,2,15.62,6.08,207.64
561210,2,15.66,6.08,207.64
561214,2,16.15,6.1,207.61
561217,2,16.42,6.1,207.59
561221,2,16.75,6.11,207.58
561225,2,16.94,6.11,207.57
561228,2,17.21,6.12,207.55
561232,2,17.28,6.12,207.55
561236,2,17.46,6.13,207.54
561239,2,17.81,6.15,207.52
561243,2,17.99,6.15,207.52
561247,2,18.32,6.17,207.5
561250,2,18.5,6.18,207.49
561254,2,18.83,6.2,207.47
561258,2,18.99,6.21,207.46
561261,2,19.43,6.24,207.44
561265,2,19.47,6.24,207.43
561269,2,19.9,6.24,207.4
561272,2,20.12,6.25,207.38
561276,2,20.34,6.26,207.37
561279,2,20.56,6.26,207.35
561283,2,20.68,6.26,207.34
561287,2,20.83,6.25,207.34
561290,2,20.97,6.25,207.33
561294,2,21.24,6.25,207.3
561298,2,21.37,6.25,207.29
561301,2,21.63,6.24,207.27
561305,2,21.74,6.23,207.26
561309,2,22.08,6.22,207.23
561312,2,22.11,6.22,207.23
561316,2,22.41,6.22,207.2
561320,2,22.45,6.21,207.2
561323,2,22.73,6.2,207.17
561327,2,22.87,6.2,207.16
561331,2,23.02,6.19,207.15
561334,2,23.06,6.2,207.15
561338,2,23.16,6.19,207.14
561342,2,23.43,6.19,207.13
561345,2,23.51,6.19,207.13
561349,2,23.61,6.19,207.12
561353,2,23.69,6.2,207.12
561356,2,23.85,6.21,207.12
561360,2,23.93,6.21,207.13
561364,2,24.16,6.23,207.13
561367,2,24.24,6.25,207.14
561371,2,24.33,6.26,207.14
561375,2,24.49,6.3,207.16
561378,2,24.54,6.3,207.17
561382,2,24.69,6.34,207.18
561386,2,24.74,6.35,207.19
561389,2,24.81,6.36,207.2
561393,2,25.01,6.42,207.23
561398,2,25.08,6.44,207.24
561401,2,25.2,6.47,207.26
561405,2,25.29,6.49,207.28
561411,2,25.39,6.5,207.31
561414,2,25.45,6.51,207.32
561418,2,25.61,6.53,207.35
561421,2,25.7,6.54,207.37
561429,2,25.87,6.55,207.41
561432,2,25.92,6.55,207.42
561436,2,26.04,6.55,207.44
561440,2,26.11,6.54,207.44
561443,2,26.16,6.54,207.45
561447,2,26.22,6.55,207.46
561451,2,26.37,6.54,207.49
561454,2,26.39,6.54,207.49
561458,2,26.53,6.53,207.5
561461,2,26.62,6.52,207.51
561465,2,26.71,6.52,207.52
561469,2,26.79,6.51,207.53
561472,2,26.87,6.5,207.54
561476,2,26.97,6.49,207.54
561480,2,27.04,6.48,207.56
561483,2,27.09,6.48,207.56
561487,2,27.15,6.47,207.57
561491,2,27.33,6.45,207.6
561494,2,27.38,6.45,207.61
561498,2,27.49,6.44,207.63
561502,2,27.58,6.44,207.65
561505,2,27.64,6.45,207.66
561509,2,27.7,6.44,207.67
561513,2,27.87,6.46,207.7
561516,2,27.97,6.47,207.72
561520,2,28.07,6.48,207.74
561524,2,28.16,6.5,207.76
561527,2,28.23,6.5,207.77
561531,2,28.29,6.52,207.79
561535,2,28.37,6.53,207.8
561539,2,28.57,6.58,207.84
561543,2,28.7,6.61,207.87
561546,2,28.77,6.61,207.88
561550,2,28.83,6.63,207.89
561554,2,28.9,6.63,207.9
561557,2,28.97,6.64,207.91
561561,2,29.11,6.66,207.94
561565,2,29.17,6.66,207.95
561568,2,29.38,6.66,207.98
561572,2,29.45,6.67,207.99
561576,2,29.53,6.67,208
561579,2,29.6,6.67,208.01
561583,2,29.79,6.69,208.05
561587,2,29.89,6.69,208.06
561590,2,29.99,6.7,208.08
561594,2,30.01,6.71,208.07
561598,2,30.23,6.74,208.1
561601,2,30.3,6.75,208.11
561605,2,30.43,6.78,208.12
561609,2,30.5,6.79,208.13
561612,2,30.6,6.82,208.14
561616,2,30.65,6.83,208.14
561620,2,30.72,6.85,208.15
561623,2,30.87,6.89,208.17
561627,2,30.94,6.91,208.17
561631,2,31.09,6.94,208.18
561634,2,31.26,6.99,208.2
561638,2,31.31,7,208.2
561641,2,31.48,7.05,208.21
561645,2,31.61,7.08,208.22
561649,2,31.7,7.1,208.23
561652,2,31.84,7.12,208.23
561656,2,31.91,7.14,208.24
561660,2,32.06,7.16,208.24
561664,2,32.13,7.17,208.25
561667,2,32.24,7.18,208.25
561671,2,32.28,7.18,208.25
561675,2,32.35,7.18,208.25
561678,2,32.49,7.19,208.25
561682,2,32.56,7.2,208.25
561685,2,32.71,7.19,208.23
561689,2,32.86,7.2,208.23
561693,2,32.91,7.19,208.22
561696,2,33.05,7.19,208.21
561700,2,33.18,7.18,208.19
561704,2,33.25,7.17,208.18
561707,2,33.37,7.16,208.16
561711,2,33.43,7.16,208.14
561715,2,33.49,7.15,208.13
561718,2,33.55,7.14,208.12
561722,2,33.71,7.13,208.09
561726,2,33.74,7.13,208.09
561729,2,33.81,7.12,208.07
561733,2,33.93,7.11,208.05
561737,2,34.08,7.1,208.02
561740,2,34.12,7.09,208
561744,2,34.26,7.07,207.97
561748,2,34.37,7.05,207.95
561751,2,34.44,7.04,207.93
561755,2,34.54,7.02,207.9
561759,2,34.6,7.01,207.89
561762,2,34.71,6.99,207.86
561766,2,34.77,6.98,207.85
561770,2,34.85,6.96,207.83
561773,2,34.88,6.96,207.83
561777,2,34.93,6.96,207.82
561781,2,35.04,6.95,207.8
561784,2,35.1,6.94,207.79
561788,2,35.21,6.94,207.78
561791,2,35.33,6.94,207.78
562235,2,41.42,7.73,206.53
562239,2,41.45,7.75,206.55
562242,2,41.46,7.77,206.57
562246,2,41.48,7.8,206.6
562250,2,41.48,7.81,206.61
562253,2,41.5,7.82,206.63
562257,2,41.5,7.83,206.64
562261,2,41.51,7.85,206.67
562264,2,41.51,7.86,206.68
562268,2,41.51,7.86,206.69
562272,2,41.5,7.88,206.73
562275,2,41.49,7.89,206.76
562279,2,41.47,7.89,206.77
562283,2,41.46,7.89,206.79
562286,2,41.42,7.91,206.85
562290,2,41.39,7.91,206.87
562294,2,41.34,7.92,206.9
562297,2,41.31,7.93,206.92
562301,2,41.25,7.95,206.97
562305,2,41.21,7.97,207
562308,2,41.15,7.98,207.02
562312,2,41.13,8,207.04
562316,2,41.09,8.02,207.07
562319,2,40.99,8.06,207.11
562323,2,40.88,8.12,207.16
562326,2,40.84,8.13,207.19
562330,2,40.72,8.18,207.22
562334,2,40.6,8.22,207.26
562337,2,40.53,8.23,207.27
562341,2,40.47,8.24,207.28
562345,2,40.41,8.27,207.31
562348,2,40.2,8.3,207.33
562352,2,40.13,8.32,207.35
562356,2,40.01,8.33,207.36
562359,2,39.97,8.33,207.36
562363,2,39.88,8.33,207.35
562367,2,39.72,8.34,207.35
562370,2,39.64,8.35,207.36
562374,2,39.45,8.33,207.34
562378,2,39.24,8.31,207.32
562381,2,39.16,8.31,207.31
562385,2,38.92,8.28,207.28
562389,2,38.71,8.24,207.25
562392,2,38.57,8.22,207.24
562396,2,38.33,8.17,207.21
562400,2,38.19,8.14,207.2
562404,2,37.91,8.09,207.17
562407,2,37.74,8.06,207.16
562411,2,37.51,8.02,207.14
562414,2,37.43,8,207.13
562418,2,37.27,7.98,207.12
562422,2,36.92,7.91,207.1
562425,2,36.74,7.89,207.09
562429,2,36.36,7.83,207.07
562433,2,35.88,7.76,207.05
562436,2,35.52,7.71,207.03
562440,2,35.25,7.68,207.03
562444,2,34.86,7.64,207.01
562449,2,34.56,7.61,207
562453,2,34.12,7.58,206.99
562456,2,33.63,7.54,206.96
562460,2,33.25,7.52,206.96
562467,2,32.51,7.49,206.93
562474,2,31.93,7.47,206.92
562477,2,31.63,7.46,206.91
562481,2,30.83,7.45,206.9
562484,2,30.72,7.46,206.9
562488,2,29.91,7.45,206.88
562492,2,29.44,7.45,206.88
562495,2,28.97,7.46,206.88
562499,2,28.49,7.47,206.89
562503,2,28.02,7.48,206.9
562506,2,27.5,7.5,206.91
562510,2,27.07,7.51,206.92
562514,2,26.82,7.52,206.93
562517,2,26.5,7.53,206.94
562521,2,25.6,7.56,206.97
562525,2,25.49,7.56,206.97
562528,2,24.62,7.6,207.01
562532,2,24.5,7.6,207.02
562536,2,23.64,7.64,207.07
562539,2,23.16,7.65,207.09
562543,2,22.67,7.68,207.12
562547,2,22.19,7.68,207.14
562550,2,21.72,7.7,207.17
562554,2,21.22,7.71,207.19
562558,2,20.56,7.71,207.21
562561,2,20.24,7.71,207.22
562565,2,19.61,7.7,207.24
562568,2,19.27,7.69,207.25
562572,2,18.87,7.69,207.26
562576,2,18.63,7.68,207.26
562579,2,17.93,7.66,207.27
562583,2,17.66,7.65,207.27
562587,2,17.34,7.63,207.27
562590,2,16.52,7.6,207.28
562594,2,16.07,7.56,207.28
562598,2,15.42,7.51,207.28
562601,2,15.11,7.48,207.28
562605,2,14.67,7.44,207.28
562609,2,14.17,7.38,207.29
562612,2,13.75,7.33,207.29
562616,2,13.55,7.31,207.29
562620,2,12.83,7.21,207.29
562623,2,12.6,7.19,207.3
562627,2,12.28,7.13,207.29
562631,2,11.45,7.02,207.28
562634,2,11.33,7.01,207.29
562638,2,10.39,6.87,207.28
562642,2,10.08,6.82,207.28
562645,2,9.64,6.75,207.27
562649,2,9.19,6.67,207.26
562652,2,8.77,6.61,207.26
562656,2,8.29,6.52,207.25
562660,2,7.99,6.46,207.25
562664,2,7.7,6.41,207.24
562667,2,7.43,6.36,207.24
562671,2,6.87,6.26,207.22
562674,2,6.58,6.2,207.21
562678,2,6.03,6.09,207.19
562683,2,5.75,6.04,207.18
562686,2,5.22,5.93,207.15
562690,2,4.95,5.87,207.14
562693,2,4.42,5.76,207.11
562697,2,4.15,5.7,207.1
562700,2,3.63,5.58,207.07
562706,2,3.09,5.45,207.05
562710,2,2.85,5.38,207.03
562713,2,2.11,5.19,207
562717,2,1.73,5.09,206.98
562720,2,1.54,5.04,206.98
562724,2,1,4.9,206.96
562727,2,0.76,4.82,206.95
562731,2,0.24,4.68,206.93
562734,2,-0.1,4.59,206.92
562738,2,-0.29,4.55,206.91
562742,2,-0.53,4.49,206.9
562745,2,-1.2,4.33,206.88
562749,2,-1.29,4.31,206.87
562753,2,-1.94,4.16,206.85
562756,2,-2.05,4.14,206.84
562760,2,-2.64,4.02,206.81
562763,2,-2.78,4,206.8
562767,2,-3.35,3.9,206.77
562771,2,-3.73,3.83,206.76
562774,2,-4.04,3.78,206.74
562778,2,-4.43,3.72,206.72
562782,2,-4.7,3.67,206.72
562786,2,-5.12,3.61,206.7
562793,2,-5.8,3.51,206.68
562797,2,-6.24,3.44,206.68
562802,2,-6.46,3.41,206.68
562806,2,-6.89,3.36,206.67
562810,2,-7.21,3.31,206.67
562813,2,-7.34,3.3,206.67
562817,2,-7.54,3.27,206.67
562821,2,-8.17,3.19,206.67
562825,2,-8.38,3.16,206.67
562828,2,-8.57,3.13,206.67
562832,2,-8.77,3.11,206.67
562836,2,-9.16,3.07,206.67
562839,2,-9.36,3.04,206.67
562843,2,-9.89,2.98,206.67
562847,2,-9.93,2.97,206.67
562850,2,-10.41,2.93,206.66
562854,2,-10.67,2.9,206.66
562858,2,-10.99,2.86,206.67
562861,2,-11.17,2.83,206.66
562865,2,-11.42,2.8,206.66
562869,2,-11.67,2.77,206.66
562873,2,-11.97,2.72,206.66
562876,2,-12.15,2.69,206.66
562880,2,-12.44,2.64,206.65
562884,2,-12.63,2.61,206.65
562888,2,-12.76,2.58,206.65
562891,2,-12.92,2.56,206.64
562895,2,-13.34,2.48,206.63
562899,2,-13.4,2.47,206.62
562903,2,-13.81,2.39,206.61
562906,2,-13.87,2.38,206.61
562910,2,-14.28,2.3,206.59
562914,2,-14.33,2.29,206.59
562918,2,-14.8,2.2,206.58
562921,2,-14.97,2.17,206.57
562925,2,-15.1,2.14,206.56
562929,2,-15.42,2.07,206.55
562933,2,-15.56,2.04,206.55
562936,2,-15.87,1.97,206.54
562940,2,-16.01,1.95,206.53
562944,2,-16.33,1.88,206.52
562948,2,-16.46,1.85,206.52
562951,2,-16.61,1.82,206.52
562955,2,-17.06,1.72,206.51
562959,2,-17.22,1.68,206.51
562963,2,-17.53,1.62,206.51
562966,2,-17.71,1.58,206.51
562970,2,-17.94,1.53,206.51
562974,2,-17.99,1.52,206.51
562978,2,-18.47,1.42,206.52
562982,2,-18.63,1.38,206.53
562986,2,-18.79,1.35,206.53
562990,2,-19.2,1.27,206.54
562993,2,-19.28,1.26,206.54
562997,2,-19.78,1.17,206.55
563001,2,-19.96,1.14,206.55
563005,2,-20.22,1.1,206.56
563008,2,-20.3,1.08,206.57
563012,2,-20.48,1.06,206.57
563016,2,-20.99,0.98,206.58
563019,2,-21.17,0.95,206.59
563023,2,-21.51,0.91,206.6
563027,2,-21.78,0.87,206.62
563031,2,-22.04,0.83,206.63
563034,2,-22.31,0.79,206.65
563038,2,-22.55,0.76,206.66
563042,2,-22.79,0.72,206.69
563046,2,-22.88,0.71,206.69
563051,2,-23.36,0.62,206.75
563055,2,-23.52,0.6,206.77
563059,2,-23.85,0.54,206.82
563062,2,-24,0.51,206.84
563066,2,-24.33,0.44,206.88
563070,2,-24.57,0.39,206.92
563074,2,-24.8,0.33,206.96
563081,2,-25.26,0.22,207.03
563085,2,-25.58,0.14,207.06
563090,2,-25.76,0.09,207.09
563094,2,-26.09,0.01,207.13
563098,2,-26.27,-0.03,207.15
563102,2,-26.69,-0.13,207.19
563106,2,-26.96,-0.2,207.21
563109,2,-27.23,-0.26,207.24
563113,2,-27.5,-0.32,207.25
563117,2,-27.85,-0.39,207.27
563121,2,-28.05,-0.44,207.29
563125,2,-28.39,-0.52,207.31
563129,2,-28.6,-0.56,207.32
563132,2,-28.92,-0.62,207.33
563136,2,-29.13,-0.67,207.35
563140,2,-29.43,-0.73,207.37
563144,2,-29.65,-0.78,207.39
563148,2,-29.76,-0.81,207.41
563151,2,-29.93,-0.85,207.42
563156,2,-30.57,-1,207.5
563160,2,-30.75,-1.04,207.53
563164,2,-30.96,-1.1,207.57
563167,2,-31.25,-1.18,207.62
563171,2,-31.46,-1.25,207.66
563175,2,-31.72,-1.32,207.71
563179,2,-31.88,-1.37,207.74
563183,2,-32.07,-1.43,207.77
563187,2,-32.24,-1.48,207.81
563190,2,-32.59,-1.59,207.88
563194,2,-32.76,-1.65,207.91
563198,2,-33.29,-1.82,208.01
563202,2,-33.46,-1.87,208.03
563206,2,-33.65,-1.94,208.07
563211,2,-34.14,-2.08,208.14
563215,2,-34.21,-2.11,208.15
563218,2,-34.8,-2.3,208.24
563222,2,-34.94,-2.34,208.26
563226,2,-35.12,-2.41,208.29
563233,2,-35.81,-2.63,208.4
563237,2,-36.01,-2.7,208.43
563240,2,-36.36,-2.81,208.49
563244,2,-36.62,-2.89,208.53
563248,2,-36.69,-2.92,208.54
563252,2,-37.12,-3.06,208.62
563258,2,-37.17,-3.08,208.63
563262,2,-37.48,-3.18,208.68
563265,2,-37.78,-3.29,208.73
563269,2,-38.24,-3.45,208.82
563273,2,-38.4,-3.51,208.86
563277,2,-38.69,-3.6,208.91
563281,2,-38.99,-3.69,208.97
563285,2,-39.14,-3.73,208.99
563288,2,-39.32,-3.78,209.04
563292,2,-39.43,-3.8,209.06
563296,2,-39.59,-3.84,209.09
563300,2,-39.88,-3.89,209.15
563304,2,-40.03,-3.91,209.18
563308,2,-40.32,-3.94,209.24
563311,2,-40.46,-3.94,209.27
563315,2,-40.74,-3.95,209.34
563319,2,-41.07,-3.93,209.42
563323,2,-41.14,-3.93,209.44
563327,2,-41.45,-3.89,209.52
563331,2,-41.5,-3.89,209.54
563334,2,-41.78,-3.83,209.65
563338,2,-41.81,-3.83,209.66
563342,2,-42.07,-3.78,209.78
563346,2,-42.21,-3.77,209.87
563350,2,-42.27,-3.76,209.9
563354,2,-42.45,-3.74,210.02
563357,2,-42.57,-3.73,210.12
563361,2,-42.67,-3.74,210.22
563365,2,-42.77,-3.74,210.31
563369,2,-42.87,-3.76,210.41
563373,2,-42.96,-3.79,210.5
563377,2,-43.08,-3.83,210.63
563380,2,-43.15,-3.87,210.7
563384,2,-43.27,-3.94,210.83
563388,2,-43.35,-3.99,210.91
563392,2,-43.47,-4.09,211.02
563397,2,-43.55,-4.15,211.09
563400,2,-43.68,-4.26,211.19
563404,2,-43.8,-4.36,211.27
563408,2,-43.91,-4.46,211.35
563415,2,-44.13,-4.64,211.48
563419,2,-44.29,-4.77,211.56
563426,2,-44.45,-4.89,211.64
563429,2,-44.54,-4.95,211.68
563433,2,-44.62,-5,211.72
563437,2,-44.8,-5.11,211.79
563441,2,-44.97,-5.23,211.87
563445,2,-45.05,-5.28,211.9
563449,2,-45.28,-5.39,212
563453,2,-45.33,-5.41,212.01
563456,2,-45.59,-5.52,212.12
563460,2,-45.69,-5.57,212.16
563464,2,-45.78,-5.6,212.2
563468,2,-45.99,-5.67,212.27
563472,2,-46.07,-5.7,212.3
563475,2,-46.29,-5.77,212.39
563479,2,-46.38,-5.8,212.41
563483,2,-46.61,-5.85,212.48
563487,2,-46.8,-5.89,212.54
563491,2,-46.95,-5.94,212.6
563495,2,-47.14,-5.98,212.65
563499,2,-47.3,-6.01,212.7
563502,2,-47.36,-6.02,212.72
563506,2,-47.66,-6.09,212.81
563510,2,-47.72,-6.11,212.83
563514,2,-48.08,-6.2,212.93
563518,2,-48.2,-6.23,212.97
563522,2,-48.44,-6.31,213.05
563526,2,-48.61,-6.37,213.11
563530,2,-48.68,-6.4,213.13
563533,2,-48.81,-6.44,213.18
563538,2,-49.18,-6.59,213.3
563541,2,-49.42,-6.71,213.41
563545,2,-49.58,-6.79,213.47
563549,2,-49.67,-6.85,213.52
563553,2,-49.8,-6.92,213.57
563557,2,-50.3,-7.22,213.79
563561,2,-50.44,-7.32,213.86
563565,2,-50.58,-7.42,213.93
563569,2,-50.85,-7.61,214.07
563573,2,-51.01,-7.73,214.16
563576,2,-51.12,-7.81,214.22
563580,2,-51.27,-7.92,214.31
563584,2,-51.71,-8.24,214.54
563588,2,-51.85,-8.35,214.62
563592,2,-52.01,-8.46,214.7
563596,2,-52.47,-8.81,214.95
563600,2,-52.63,-8.92,215.04
563604,2,-52.94,-9.15,215.2
563607,2,-53.11,-9.28,215.3
563611,2,-53.35,-9.46,215.43
563615,2,-53.41,-9.49,215.45
563619,2,-53.71,-9.72,215.62
563623,2,-53.87,-9.82,215.7
563627,2,-54.31,-10.12,215.92
563631,2,-54.34,-10.15,215.94
563635,2,-54.96,-10.59,216.28
563639,2,-55.12,-10.7,216.36
563645,2,-55.42,-10.94,216.54
563649,2,-55.58,-11.07,216.63
563653,2,-55.93,-11.33,216.81
563658,2,-56.19,-11.54,216.97
563662,2,-56.37,-11.7,217.09
563666,2,-56.8,-12.04,217.33
563670,2,-56.85,-12.09,217.37
563675,2,-57.34,-12.49,217.67
563681,2,-57.66,-12.76,217.89
563685,2,-57.81,-12.89,217.99
563688,2,-58.21,-13.25,218.28
563692,2,-58.28,-13.31,218.33
563696,2,-58.74,-13.73,218.69
563700,2,-58.94,-13.92,218.86
563704,2,-59.05,-14.02,218.95
563708,2,-59.19,-14.17,219.08
563712,2,-59.49,-14.45,219.33
563716,2,-59.93,-14.9,219.75
563720,2,-60.08,-15.07,219.89
563724,2,-60.34,-15.34,220.14
563728,2,-60.37,-15.38,220.18
563732,2,-60.67,-15.7,220.48
563736,2,-61.11,-16.23,220.95
563740,2,-61.29,-16.46,221.15
563744,2,-61.41,-16.62,221.3
563748,2,-61.56,-16.81,221.46
563752,2,-61.87,-17.22,221.84
563756,2,-62.25,-17.73,222.29
563760,2,-62.32,-17.86,222.4
563763,2,-62.72,-18.43,222.91
563767,2,-62.78,-18.52,222.99
563771,2,-63.2,-19.17,223.57
563775,2,-63.43,-19.56,223.91
563779,2,-63.53,-19.72,224.05
563783,2,-63.89,-20.33,224.59
563787,2,-63.95,-20.45,224.69
563791,2,-64.32,-21.14,225.28
563795,2,-64.54,-21.56,225.65
563799,2,-64.64,-21.75,225.82
563803,2,-64.77,-22,226.03
563807,2,-65.02,-22.52,226.48
563811,2,-65.35,-23.22,227.09
563815,2,-65.53,-23.63,227.44
563819,2,-65.63,-23.87,227.65
563823,2,-65.75,-24.12,227.86
563827,2,-65.98,-24.68,228.35
563831,2,-66.25,-25.34,228.94
563835,2,-66.41,-25.75,229.3
563838,2,-66.5,-26.01,229.54
563842,2,-66.6,-26.26,229.77
563846,2,-66.89,-27.01,230.46
563850,2,-67,-27.27,230.7
563854,2,-67.21,-27.84,231.25
563858,2,-67.31,-28.12,231.51
563862,2,-67.39,-28.38,231.76
563866,2,-67.66,-29.13,232.47
563870,2,-67.69,-29.19,232.53
563874,2,-67.97,-30.02,233.34
563878,2,-68.06,-30.28,233.59
563882,2,-68.15,-30.53,233.84
563886,2,-68.4,-31.26,234.56
563890,2,-68.43,-31.34,234.64
563894,2,-68.79,-32.37,235.69
563898,2,-68.81,-32.4,235.73
563902,2,-68.9,-32.67,236
563906,2,-69.13,-33.34,236.7
563910,2,-69.16,-33.42,236.78
563913,2,-69.41,-34.14,237.53
563917,2,-69.42,-34.21,237.6
563921,2,-69.6,-34.74,238.15
563925,2,-69.77,-35.27,238.69
563929,2,-69.85,-35.56,239
563933,2,-70.07,-36.3,239.77
563937,2,-70.1,-36.39,239.85
563941,2,-70.27,-37,240.48
563945,2,-70.34,-37.28,240.77
563949,2,-70.52,-37.93,241.42
563953,2,-70.74,-38.79,242.31
563957,2,-70.76,-38.88,242.4
563961,2,-70.93,-39.57,243.12
563965,2,-71.01,-39.88,243.44
563969,2,-71.18,-40.58,244.15
563975,2,-71.38,-41.53,245.14
563979,2,-71.56,-42.36,246.01
563983,2,-71.63,-42.68,246.33
563987,2,-71.8,-43.52,247.19
563994,2,-71.99,-44.55,248.25
563998,2,-72.13,-45.3,249
564002,2,-72.21,-45.84,249.54
564006,2,-72.31,-46.54,250.21
564010,2,-72.4,-47.14,250.79
564014,2,-72.49,-47.81,251.43
564018,2,-72.54,-48.17,251.77
564022,2,-72.67,-49.13,252.69
564026,2,-72.76,-49.87,253.39
564030,2,-72.83,-50.45,253.93
564034,2,-72.91,-51.14,254.58
564038,2,-72.97,-51.78,255.17
564042,2,-73.05,-52.46,255.81
564046,2,-73.12,-53.23,256.53
564050,2,-73.18,-53.75,257.02
564054,2,-73.24,-54.44,257.66
564058,2,-73.29,-55.06,258.23
564061,2,-73.35,-55.69,258.82
564065,2,-73.39,-56.31,259.4
564069,2,-73.45,-56.93,259.97
564073,2,-73.49,-57.59,260.6
564077,2,-73.52,-57.93,260.91
564081,2,-73.58,-58.65,261.61
564085,2,-73.62,-59.18,262.12
564089,2,-73.66,-59.69,262.62
564093,2,-73.7,-60.22,263.14
564097,2,-73.73,-60.67,263.6
564101,2,-73.77,-61.17,264.11
564105,2,-73.81,-61.56,264.51
564109,2,-73.84,-62.02,264.98
564113,2,-73.89,-62.47,265.46
564117,2,-73.92,-62.91,265.91
564121,2,-73.93,-63.11,266.12
564125,2,-73.98,-63.81,266.85
564129,2,-74.01,-64.24,267.3
564133,2,-74.04,-64.69,267.75
564137,2,-74.06,-65.14,268.21
564140,2,-74.07,-65.33,268.4
564144,2,-74.11,-65.97,269.04
564148,2,-74.13,-66.36,269.42
564152,2,-74.14,-66.71,269.77
564156,2,-74.15,-67.02,270.06
564160,2,-74.16,-67.3,270.34
564164,2,-74.16,-67.55,270.57
564168,2,-74.17,-67.67,270.69
564172,2,-74.16,-67.97,270.99
564176,2,-74.16,-68.17,271.18
564180,2,-74.16,-68.28,271.29
564184,2,-74.16,-68.52,271.53
564188,2,-74.15,-68.68,271.68
564192,2,-74.14,-68.83,271.84
564196,2,-74.13,-69.08,272.1
564200,2,-74.13,-69.08,272.1
564204,2,-74.12,-69.24,272.26
564208,2,-74.12,-69.36,272.38
564211,2,-74.1,-69.46,272.48
564215,2,-74.1,-69.57,272.6
564219,2,-74.09,-69.66,272.7
564223,2,-74.09,-69.7,272.74
564227,2,-74.08,-69.83,272.89
564231,2,-74.08,-69.83,272.89
564235,2,-74.08,-69.99,273.07
564239,2,-74.08,-70.02,273.11
564243,2,-74.08,-70.1,273.19
564247,2,-74.08,-70.14,273.22
564251,2,-74.08,-70.14,273.22
564256,2,-74.08,-70.17,273.23
564259,2,-74.07,-70.14,273.19
564264,2,-74.07,-70.1,273.12
564268,2,-74.07,-70.09,273.1
564272,2,-74.07,-70.06,273.06
564276,2,-74.05,-69.88,272.84
564280,2,-74.05,-69.85,272.8
564284,2,-74.04,-69.76,272.71
564289,2,-74.02,-69.6,272.51
564293,2,-74.01,-69.45,272.34
564297,2,-74,-69.39,272.26
564301,2,-73.99,-69.24,272.09
564305,2,-73.97,-69.08,271.9
564313,2,-73.96,-68.83,271.63
564317,2,-73.95,-68.74,271.54
564321,2,-73.95,-68.63,271.43
564325,2,-73.95,-68.41,271.2
564329,2,-73.96,-68.26,271.04
564333,2,-73.97,-68.09,270.89
564337,2,-73.98,-67.97,270.77
564341,2,-74,-67.83,270.66
564344,2,-74.01,-67.68,270.52
564348,2,-74.03,-67.53,270.41
564352,2,-74.05,-67.37,270.29
564356,2,-74.06,-67.25,270.2
564360,2,-74.1,-67,270.01
564364,2,-74.1,-66.95,269.97
564368,2,-74.11,-66.75,269.81
564372,2,-74.12,-66.56,269.65
564376,2,-74.12,-66.34,269.48
564380,2,-74.13,-66.09,269.26
564384,2,-74.12,-65.89,269.09
564388,2,-74.11,-65.65,268.88
564392,2,-74.11,-65.44,268.68
564396,2,-74.09,-65.2,268.46
564400,2,-74.08,-65.07,268.34
564404,2,-74.04,-64.78,268.05
564408,2,-74.01,-64.58,267.85
564412,2,-73.98,-64.44,267.69
564416,2,-73.94,-64.26,267.49
564420,2,-73.91,-64.18,267.39
564424,2,-73.85,-64.01,267.17
564427,2,-73.8,-63.88,266.98
564431,2,-73.74,-63.79,266.84
564435,2,-73.68,-63.66,266.65
564439,2,-73.62,-63.58,266.51
564443,2,-73.56,-63.47,266.33
564447,2,-73.5,-63.35,266.15
564451,2,-73.43,-63.22,265.95
564455,2,-73.32,-63,265.63
564459,2,-73.29,-62.95,265.55
564463,2,-73.22,-62.75,265.31
564467,2,-73.14,-62.56,265.06
564471,2,-73.05,-62.36,264.81
564475,2,-72.96,-62.08,264.49
564479,2,-72.91,-61.94,264.32
564483,2,-72.73,-61.45,263.75
564487,2,-72.7,-61.35,263.63
564491,2,-72.6,-61.07,263.31
564495,2,-72.49,-60.73,262.92
564499,2,-72.41,-60.48,262.65
564503,2,-72.36,-60.34,262.48
564506,2,-72.2,-59.88,261.95
564510,2,-72.09,-59.56,261.58
564514,2,-71.96,-59.17,261.13
564518,2,-71.88,-58.94,260.86
564522,2,-71.77,-58.61,260.48
564526,2,-71.66,-58.31,260.12
564530,2,-71.61,-58.2,259.98
564534,2,-71.39,-57.59,259.25
564538,2,-71.31,-57.36,258.98
564542,2,-71.18,-57.04,258.58
564546,2,-71.06,-56.72,258.21
564550,2,-71.01,-56.56,258.01
564554,2,-70.81,-55.98,257.34
564558,2,-70.77,-55.86,257.21
564562,2,-70.55,-55.21,256.47
564566,2,-70.53,-55.13,256.39
564570,2,-70.3,-54.39,255.58
564574,2,-70.16,-53.96,255.11
564578,2,-70.12,-53.79,254.94
564582,2,-69.9,-53.06,254.18
564585,2,-69.86,-52.92,254.04
564589,2,-69.63,-52.12,253.23
564593,2,-69.6,-52.06,253.16
564597,2,-69.44,-51.46,252.56
564601,2,-69.34,-51.15,252.25
564605,2,-69.17,-50.56,251.68
564609,2,-68.95,-49.77,250.9
564613,2,-68.82,-49.32,250.46
564617,2,-68.75,-49.07,250.23
564621,2,-68.66,-48.78,249.95
564625,2,-68.5,-48.2,249.39
564629,2,-68.28,-47.46,248.68
564633,2,-68.24,-47.34,248.56
564637,2,-68.02,-46.59,247.82
564641,2,-68,-46.49,247.72
564645,2,-67.75,-45.71,246.96
564649,2,-67.67,-45.43,246.68
564653,2,-67.5,-44.84,246.09
564657,2,-67.41,-44.59,245.83
564661,2,-67.32,-44.29,245.54
564664,2,-67.07,-43.55,244.78
564668,2,-67.05,-43.48,244.71
564673,2,-66.68,-42.4,243.62
564677,2,-66.68,-42.4,243.62
564681,2,-66.58,-42.12,243.33
564685,2,-66.38,-41.55,242.76
564689,2,-66.16,-40.99,242.2
564693,2,-66.06,-40.71,241.93
564697,2,-65.85,-40.14,241.37
564701,2,-65.73,-39.83,241.08
564705,2,-65.51,-39.26,240.53
564709,2,-65.21,-38.47,239.79
564713,2,-65.02,-38.01,239.36
564717,2,-64.91,-37.74,239.11
564721,2,-64.79,-37.45,238.84
564726,2,-64.42,-36.56,238.05
564730,2,-64.15,-35.93,237.49
564734,2,-63.87,-35.31,236.95
564738,2,-63.69,-34.93,236.62
564742,2,-63.46,-34.45,236.19
564746,2,-63.27,-34.07,235.85
564750,2,-63.05,-33.67,235.48
564757,2,-62.8,-33.21,235.05
564761,2,-62.67,-33.01,234.86
564765,2,-62.18,-32.2,234.07
564769,2,-62.05,-32,233.86
564772,2,-61.92,-31.79,233.66
564776,2,-61.69,-31.44,233.3
564780,2,-61.55,-31.21,233.07
564784,2,-61.34,-30.88,232.75
564788,2,-61.16,-30.6,232.48
564792,2,-61.09,-30.49,232.38
564797,2,-60.73,-29.92,231.83
564800,2,-60.6,-29.7,231.62
564804,2,-60.33,-29.28,231.24
564808,2,-60.12,-28.95,230.94
564812,2,-60.04,-28.81,230.81
564816,2,-59.58,-28.1,230.18
564820,2,-59.43,-27.86,229.97
564824,2,-59.11,-27.38,229.55
564828,2,-58.87,-27.05,229.25
564832,2,-58.76,-26.89,229.12
564836,2,-58.24,-26.2,228.52
564840,2,-58.05,-25.96,228.3
564844,2,-57.74,-25.58,227.97
564848,2,-57.51,-25.34,227.75
564852,2,-57.38,-25.2,227.62
564856,2,-56.97,-24.79,227.24
564860,2,-56.87,-24.69,227.15
564864,2,-56.38,-24.24,226.73
564868,2,-56.19,-24.07,226.58
564872,2,-55.91,-23.83,226.35
564875,2,-55.69,-23.65,226.19
564879,2,-55.43,-23.45,226
564883,2,-55.19,-23.24,225.81
564887,2,-55.1,-23.18,225.75
564891,2,-54.64,-22.79,225.41
564895,2,-54.48,-22.66,225.29
564899,2,-54.17,-22.39,225.06
564903,2,-53.94,-22.18,224.87
564907,2,-53.67,-21.96,224.67
564911,2,-53.43,-21.74,224.48
564915,2,-53.16,-21.5,224.27
564920,2,-52.87,-21.25,224.04
564924,2,-52.69,-21.09,223.89
564928,2,-52.3,-20.74,223.58
564932,2,-52.03,-20.5,223.37
564935,2,-51.74,-20.24,223.14
564939,2,-51.45,-19.99,222.91
564945,2,-51.16,-19.75,222.69
564949,2,-50.91,-19.54,222.51
564953,2,-50.35,-19.09,222.12
564960,2,-49.96,-18.79,221.86
564964,2,-49.78,-18.66,221.76
564968,2,-49.59,-18.51,221.64
564972,2,-49.04,-18.12,221.32
564976,2,-48.86,-18,221.23
564980,2,-48.67,-17.88,221.13
564984,2,-48.17,-17.56,220.88
564988,2,-48.13,-17.53,220.87
564993,2,-47.42,-17.11,220.56
564996,2,-47.23,-17.01,220.49
565000,2,-47.05,-16.92,220.42
565004,2,-46.87,-16.83,220.37
565008,2,-46.3,-16.57,220.18
565012,2,-46.07,-16.47,220.11
565016,2,-45.9,-16.4,220.06
565020,2,-45.71,-16.34,220
565024,2,-45.31,-16.2,219.89
565028,2,-45.1,-16.14,219.83
565032,2,-44.44,-15.97,219.66
565036,2,-44.02,-15.86,219.55
565040,2,-43.73,-15.8,219.47
565044,2,-43.37,-15.75,219.4
565048,2,-43.14,-15.71,219.34
565052,2,-42.64,-15.64,219.23
565056,2,-42.42,-15.61,219.17
565060,2,-42.2,-15.58,219.12
565064,2,-41.31,-15.48,218.92
565068,2,-41.27,-15.48,218.91
565072,2,-41.05,-15.45,218.85
565076,2,-40.36,-15.37,218.67
565080,2,-40.13,-15.34,218.61
565084,2,-39.7,-15.28,218.48
565088,2,-39.4,-15.24,218.4
565092,2,-39.26,-15.23,218.36
565096,2,-38.64,-15.15,218.17
565100,2,-38.38,-15.12,218.09
565105,2,-38.04,-15.08,217.99
565109,2,-37.84,-15.06,217.92
565113,2,-37.34,-15.01,217.76
565117,2,-37.25,-15,217.74
565121,2,-36.73,-14.92,217.56
565125,2,-36.68,-14.92,217.54
565131,2,-36.13,-14.82,217.35
565135,2,-35.75,-14.75,217.23
565139,2,-35.37,-14.65,217.1
565143,2,-35.02,-14.56,216.99
565147,2,-34.79,-14.49,216.92
565151,2,-34.47,-14.39,216.83
565155,2,-34.29,-14.33,216.78
565159,2,-33.94,-14.21,216.69
565163,2,-33.68,-14.12,216.63
565167,2,-33.41,-14.02,216.56
565171,2,-33.12,-13.9,216.49
565175,2,-32.91,-13.81,216.44
565179,2,-32.66,-13.7,216.38
565183,2,-32.45,-13.6,216.33
565187,2,-32.24,-13.48,216.27
565191,2,-32.05,-13.38,216.22
565194,2,-31.86,-13.27,216.17
565198,2,-31.67,-13.16,216.11
565202,2,-31.53,-13.07,216.06
565206,2,-31.37,-12.97,216.01
565210,2,-31.22,-12.88,215.96
565214,2,-31.09,-12.79,215.91
565218,2,-31.01,-12.73,215.88
565222,2,-30.82,-12.6,215.8
565226,2,-30.68,-12.49,215.73
565230,2,-30.55,-12.4,215.68
565234,2,-30.41,-12.3,215.62
565238,2,-30.33,-12.23,215.58
565242,2,-30.14,-12.09,215.49
565246,2,-29.99,-11.98,215.42
565250,2,-29.85,-11.86,215.36
565254,2,-29.69,-11.74,215.29
565258,2,-29.54,-11.62,215.22
565262,2,-29.37,-11.51,215.15
565266,2,-29.21,-11.39,215.09
565269,2,-29.03,-11.26,215.02
565273,2,-28.84,-11.13,214.95
565277,2,-28.72,-11.06,214.9
565281,2,-28.48,-10.89,214.81
565285,2,-28.29,-10.77,214.76
565289,2,-28.09,-10.64,214.69
565295,2,-27.74,-10.43,214.59
565302,2,-27.48,-10.27,214.52
565306,2,-27.34,-10.19,214.48
565310,2,-27.01,-9.99,214.39
565314,2,-26.95,-9.96,214.38
565318,2,-26.68,-9.8,214.32
565323,2,-26.54,-9.72,214.28
565327,2,-26.27,-9.55,214.22
565331,2,-25.98,-9.39,214.16
565335,2,-25.54,-9.13,214.06
565339,2,-25.36,-9.02,214.03
565343,2,-25.22,-8.94,214
565346,2,-25.05,-8.85,213.98
565350,2,-24.6,-8.58,213.89
565354,2,-24.54,-8.56,213.88
565358,2,-24.18,-8.36,213.82
565362,2,-23.99,-8.26,213.79
565365,2,-23.45,-7.99,213.7
565369,2,-23.25,-7.9,213.67
565373,2,-22.62,-7.62,213.58
565377,2,-22.6,-7.61,213.58
565381,2,-22.39,-7.52,213.54
565385,2,-21.85,-7.33,213.48
565389,2,-21.76,-7.3,213.46
565392,2,-21.12,-7.11,213.38
565397,2,-20.72,-7.01,213.33
565401,2,-20.49,-6.96,213.3
565405,2,-20.31,-6.92,213.28
565409,2,-20.1,-6.89,213.26
565413,2,-19.51,-6.81,213.19
565417,2,-19.32,-6.79,213.17
565421,2,-19.12,-6.77,213.15
565425,2,-18.62,-6.73,213.09
565429,2,-18.55,-6.72,213.08
565433,2,-17.99,-6.67,213.01
565437,2,-17.8,-6.65,212.99
565440,2,-17.48,-6.61,212.94
565444,2,-17.3,-6.59,212.92
565448,2,-17.08,-6.55,212.88
565452,2,-16.89,-6.52,212.86
565456,2,-16.53,-6.45,212.8
565459,2,-16.35,-6.42,212.78
565463,2,-15.97,-6.33,212.72
565467,2,-15.49,-6.22,212.66
565471,2,-15.4,-6.2,212.65
565475,2,-14.9,-6.07,212.57
565479,2,-14.83,-6.06,212.57
565482,2,-14.3,-5.94,212.5
565486,2,-14.24,-5.92,212.49
565490,2,-13.73,-5.81,212.42
565494,2,-13.44,-5.75,212.39
565498,2,-13.31,-5.72,212.37
565502,2,-12.88,-5.63,212.31
565505,2,-12.59,-5.58,212.27
565510,2,-12.33,-5.54,212.23
565514,2,-12.06,-5.49,212.2
565518,2,-11.88,-5.45,212.17
565521,2,-11.48,-5.37,212.12
565525,2,-11.37,-5.35,212.1
565529,2,-10.97,-5.24,212.03
565533,2,-10.72,-5.19,212
565538,2,-10.47,-5.13,211.95
565542,2,-10.24,-5.08,211.91
565546,2,-10.08,-5.05,211.88
565550,2,-9.66,-4.97,211.82
565554,2,-9.61,-4.96,211.81
565557,2,-9.31,-4.9,211.76
565563,2,-9.15,-4.88,211.73
565566,2,-8.85,-4.83,211.69
565570,2,-8.39,-4.77,211.61
565574,2,-8.09,-4.73,211.56
565578,2,-7.93,-4.71,211.54
565582,2,-7.69,-4.68,211.5
565585,2,-7.62,-4.68,211.49
565589,2,-7.24,-4.64,211.43
565593,2,-7.02,-4.62,211.4
565597,2,-6.79,-4.59,211.37
565600,2,-6.72,-4.58,211.35
565604,2,-6.38,-4.55,211.31
565608,2,-6.17,-4.52,211.28
565611,2,-5.98,-4.5,211.26
565615,2,-5.8,-4.49,211.24
565619,2,-5.63,-4.46,211.21
565623,2,-5.45,-4.44,211.2
565626,2,-5.3,-4.42,211.19
565630,2,-5.23,-4.42,211.18
565634,2,-4.93,-4.37,211.15
565638,2,-4.83,-4.35,211.15
565641,2,-4.65,-4.32,211.13
565645,2,-4.55,-4.3,211.12
565649,2,-4.43,-4.28,211.11
565652,2,-4.36,-4.26,211.11
565656,2,-4.28,-4.25,211.11
565660,2,-4.1,-4.21,211.1
565664,2,-4.01,-4.19,211.1
565667,2,-3.83,-4.14,211.09
565671,2,-3.75,-4.12,211.08
565675,2,-3.48,-4.04,211.07
565678,2,-3.34,-4,211.07
565682,2,-3.16,-3.95,211.06
565686,2,-3.03,-3.92,211.06
565689,2,-2.83,-3.86,211.05
565693,2,-2.7,-3.82,211.04
565697,2,-2.58,-3.8,211.04
565701,2,-2.45,-3.76,211.03
565705,2,-2.04,-3.66,211.01
565712,2,-1.56,-3.56,210.99
565719,2,-1.21,-3.51,210.98
565723,2,-1.02,-3.48,210.97
565726,2,-0.54,-3.43,210.95
565730,2,-0.45,-3.42,210.95
565734,2,0.06,-3.37,210.94
565737,2,0.37,-3.35,210.93
565741,2,0.68,-3.32,210.93
565745,2,1.01,-3.3,210.92
565748,2,1.32,-3.28,210.92
565752,2,1.45,-3.27,210.93
565756,2,1.68,-3.26,210.93
565759,2,2.35,-3.21,210.93
565764,2,2.8,-3.17,210.94
565767,2,3.03,-3.16,210.94
565771,2,3.49,-3.11,210.95
565775,2,3.73,-3.09,210.95
565778,2,4.04,-3.05,210.96
565782,2,4.17,-3.04,210.97
565786,2,4.41,-3.01,210.97
565789,2,4.87,-2.95,210.98
565793,2,5.09,-2.91,210.99
565796,2,5.71,-2.81,211
565800,2,6.05,-2.75,211.01
565804,2,6.37,-2.69,211.01
565807,2,6.48,-2.67,211.01
565811,2,6.71,-2.62,211.02
565815,2,7.4,-2.48,211.04
565819,2,7.85,-2.39,211.05
565824,2,8.08,-2.33,211.06
565828,2,8.52,-2.23,211.08
565832,2,8.9,-2.15,211.11
565835,2,9.2,-2.08,211.12
565843,2,9.76,-1.94,211.15
565851,2,10.31,-1.82,211.18
565854,2,10.47,-1.77,211.18
565858,2,10.63,-1.73,211.2
565862,2,11.08,-1.63,211.2
565865,2,11.33,-1.57,211.2
565869,2,11.45,-1.54,211.19
565873,2,11.65,-1.49,211.17
565877,2,11.74,-1.48,211.15
565881,2,11.85,-1.46,211.13
565884,2,11.9,-1.45,211.12
565888,2,11.97,-1.44,211.1
565892,2,12.09,-1.41,211.05
565896,2,12.19,-1.4,211
565899,2,12.23,-1.4,210.97
565903,2,12.27,-1.39,210.95
565907,2,12.35,-1.38,210.88
565911,2,12.42,-1.38,210.82
565914,2,12.46,-1.37,210.77
565918,2,12.5,-1.36,210.73
565922,2,12.54,-1.35,210.69
565925,2,12.57,-1.34,210.66
565929,2,12.59,-1.34,210.64
565933,2,12.66,-1.33,210.59
565937,2,12.68,-1.33,210.57
565940,2,12.7,-1.33,210.55
565944,2,12.78,-1.32,210.52
565948,2,12.83,-1.31,210.5
565952,2,12.92,-1.31,210.47
565955,2,12.98,-1.3,210.46
565959,2,13.14,-1.29,210.42
565963,2,13.15,-1.29,210.42
565967,2,13.3,-1.28,210.39
565970,2,13.37,-1.27,210.38
565974,2,13.61,-1.25,210.35
565978,2,13.75,-1.23,210.34
565982,2,13.83,-1.22,210.33
565985,2,14.08,-1.19,210.31
565989,2,14.27,-1.17,210.3
565993,2,14.39,-1.16,210.29
565996,2,14.65,-1.14,210.28
566000,2,14.82,-1.12,210.27
566004,2,14.92,-1.12,210.28
566008,2,15.07,-1.11,210.27
566012,2,15.53,-1.08,210.26
566016,2,15.69,-1.07,210.26
566019,2,15.85,-1.06,210.26
566023,2,16.02,-1.06,210.25
566027,2,16.36,-1.04,210.26
566031,2,16.55,-1.05,210.25
566034,2,17.06,-1.03,210.25
566038,2,17.25,-1.03,210.25
566042,2,17.46,-1.03,210.25
566045,2,17.64,-1.02,210.24
566049,2,18.04,-1.02,210.25
566053,2,18.23,-1.01,210.25
566057,2,18.64,-1,210.24
566060,2,19.12,-0.98,210.24
566064,2,19.24,-0.98,210.24
566068,2,19.74,-0.96,210.24
566072,2,20.07,-0.95,210.24
566076,2,20.35,-0.94,210.25
566080,2,20.68,-0.91,210.26
566084,2,21.04,-0.89,210.26
566088,2,21.34,-0.86,210.28
566095,2,21.87,-0.79,210.31
566098,2,22.23,-0.73,210.33
566104,2,22.45,-0.69,210.34
566108,2,22.77,-0.63,210.37
566112,2,22.93,-0.59,210.4
566115,2,23.34,-0.48,210.44
566119,2,23.58,-0.41,210.47
566123,2,23.8,-0.34,210.51
566127,2,24.02,-0.27,210.54
566130,2,24.3,-0.18,210.58
566134,2,24.43,-0.13,210.6
566138,2,24.61,-0.06,210.64
566142,2,24.69,-0.03,210.66
566145,2,24.81,0.01,210.67
566150,2,25.27,0.18,210.76
566153,2,25.39,0.22,210.78
566157,2,25.51,0.26,210.8
566161,2,25.69,0.32,210.83
566164,2,25.8,0.35,210.85
566168,2,25.94,0.39,210.87
566172,2,25.98,0.4,210.87
566175,2,26.2,0.46,210.91
566179,2,26.24,0.48,210.92
566183,2,26.32,0.49,210.93
566186,2,26.47,0.53,210.95
566190,2,26.65,0.57,210.97
566194,2,26.76,0.59,210.98
566197,2,26.85,0.6,210.99
566201,2,26.96,0.62,211.01
566205,2,27.03,0.62,211.01
566209,2,27.14,0.63,211.02
566212,2,27.2,0.64,211.03
566216,2,27.31,0.65,211.05
566220,2,27.36,0.65,211.05
566223,2,27.46,0.66,211.06
566227,2,27.48,0.66,211.07
566231,2,27.63,0.67,211.09
566235,2,27.69,0.67,211.1
566238,2,27.74,0.66,211.11
566242,2,27.79,0.67,211.11
566246,2,27.94,0.66,211.13
566249,2,27.96,0.66,211.13
566253,2,28.11,0.65,211.15
566257,2,28.19,0.65,211.16
566260,2,28.29,0.64,211.17
566264,2,28.38,0.64,211.18
566268,2,28.52,0.63,211.19
566271,2,28.59,0.62,211.2
566276,2,28.74,0.61,211.22
566280,2,28.82,0.61,211.22
566286,2,28.98,0.61,211.24
566290,2,29.15,0.6,211.26
566293,2,29.24,0.6,211.26
566297,2,29.32,0.59,211.27
566301,2,29.51,0.58,211.29
566304,2,29.6,0.58,211.3
566311,2,29.87,0.57,211.31
566315,2,30,0.57,211.31
566318,2,30.21,0.57,211.32
566322,2,30.32,0.56,211.32
566326,2,30.53,0.57,211.33
566329,2,30.65,0.58,211.33
566333,2,30.95,0.58,211.33
566337,2,30.98,0.59,211.33
566340,2,31.29,0.6,211.32
566344,2,31.33,0.6,211.32
566347,2,31.64,0.61,211.31
566351,2,31.82,0.62,211.3
566355,2,31.93,0.62,211.3
566358,2,32.17,0.64,211.29
566362,2,32.33,0.65,211.3
566366,2,32.41,0.66,211.29
566369,2,32.53,0.66,211.29
566374,2,32.89,0.69,211.28
566377,2,33,0.7,211.28
566381,2,33.12,0.71,211.28
566385,2,33.23,0.73,211.29
566389,2,33.57,0.77,211.28
566393,2,33.68,0.79,211.29
566396,2,33.79,0.81,211.29
566400,2,34.06,0.88,211.3
566404,2,34.1,0.89,211.31
566407,2,34.36,0.96,211.32
566411,2,34.5,1,211.34
566415,2,34.64,1.06,211.35
566418,2,34.68,1.08,211.36
566422,2,34.91,1.17,211.38
566426,2,35.05,1.23,211.41
566429,2,35.17,1.29,211.43
566433,2,35.31,1.36,211.45
566437,2,35.41,1.41,211.46
566440,2,35.55,1.49,211.48
566444,2,35.64,1.54,211.5
566448,2,35.75,1.61,211.51
566451,2,35.86,1.68,211.53
566455,2,35.92,1.71,211.53
566459,2,35.99,1.75,211.55
566462,2,36.16,1.86,211.57
566466,2,36.19,1.88,211.57
566470,2,36.25,1.91,211.58
566473,2,36.37,1.99,211.59
566477,2,36.5,2.07,211.6
566481,2,36.58,2.11,211.59
566484,2,36.64,2.14,211.59
566488,2,36.68,2.16,211.59
566492,2,36.78,2.21,211.57
566495,2,36.84,2.24,211.56
566499,2,36.89,2.26,211.55
566503,2,36.94,2.28,211.53
566506,2,36.95,2.28,211.53
566510,2,37.04,2.29,211.48
566513,2,37.07,2.29,211.46
566517,2,37.1,2.3,211.44
566521,2,37.11,2.3,211.43
566524,2,37.15,2.28,211.39
566528,2,37.17,2.27,211.37
566532,2,37.18,2.26,211.34
566535,2,37.19,2.25,211.31
566539,2,37.19,2.23,211.29
566543,2,37.19,2.23,211.28
566546,2,37.19,2.22,211.26
566550,2,37.18,2.21,211.24
566554,2,37.18,2.21,211.24
566557,2,37.16,2.2,211.21
566561,2,37.15,2.19,211.2
566565,2,37.12,2.19,211.19
566568,2,37.11,2.19,211.18
566572,2,37.07,2.2,211.18
566576,2,37.06,2.19,211.17
566579,2,37.02,2.19,211.16
566583,2,36.99,2.2,211.16
566587,2,36.96,2.2,211.15
566590,2,36.92,2.2,211.15
566594,2,36.9,2.2,211.15
566598,2,36.88,2.2,211.15
566601,2,36.86,2.2,211.15
566605,2,36.79,2.21,211.17
566609,2,36.78,2.21,211.17
566612,2,36.71,2.21,211.17
566616,2,36.7,2.21,211.18
566620,2,36.62,2.22,211.19
566623,2,36.61,2.23,211.2
566627,2,36.53,2.24,211.21
566631,2,36.48,2.25,211.22
566634,2,36.45,2.26,211.22
566638,2,36.37,2.26,211.24
566642,2,36.32,2.28,211.25
566645,2,36.3,2.28,211.25
566649,2,36.26,2.28,211.27
566653,2,36.14,2.29,211.28
566657,2,36.04,2.31,211.3
566660,2,36,2.31,211.3
566664,2,35.9,2.32,211.31
566668,2,35.86,2.32,211.32
566672,2,35.75,2.33,211.33
566675,2,35.69,2.33,211.33
566679,2,35.62,2.34,211.33
566683,2,35.58,2.34,211.34
566686,2,35.52,2.34,211.34
566690,2,35.39,2.34,211.34
566694,2,35.24,2.34,211.34
566697,2,35.13,2.34,211.34
566701,2,35.02,2.33,211.34
566705,2,34.87,2.32,211.34
566708,2,34.77,2.31,211.33
566712,2,34.6,2.3,211.33
566716,2,34.5,2.29,211.33
566719,2,34.3,2.29,211.33
566723,2,34.2,2.28,211.32
566727,2,34.04,2.26,211.31
566730,2,33.98,2.26,211.31
566734,2,33.86,2.26,211.32
566738,2,33.62,2.24,211.32
566741,2,33.49,2.23,211.31
566745,2,33.23,2.21,211.31
566749,2,32.91,2.19,211.31
566752,2,32.8,2.19,211.31
566756,2,32.46,2.16,211.31
566760,2,32.17,2.15,211.3
566763,2,31.98,2.14,211.3
566767,2,31.64,2.12,211.3
566771,2,31.46,2.1,211.3
566774,2,31.28,2.09,211.29
566778,2,30.9,2.07,211.28
566781,2,30.71,2.04,211.27
566785,2,30.5,2.03,211.27
566789,2,30.28,2.01,211.25
566792,2,29.83,1.97,211.24
566796,2,29.59,1.95,211.23
566800,2,29.1,1.92,211.2
566803,2,28.51,1.89,211.17
566807,2,28.04,1.86,211.14
566811,2,27.72,1.84,211.12
566814,2,27.19,1.81,211.09
566818,2,26.87,1.79,211.08
566822,2,26.31,1.75,211.04
566825,2,26,1.73,211.03
566829,2,25.71,1.71,211.02
566833,2,25.43,1.69,211
566836,2,25.12,1.68,210.99
566840,2,24.51,1.63,210.97
566844,2,24.2,1.62,210.97
566847,2,23.01,1.53,210.95
566851,2,22.95,1.52,210.96
566855,2,22.43,1.49,210.96
566858,2,22.34,1.48,210.96
566862,2,21.41,1.4,210.96
566865,2,21.08,1.37,210.97
566869,2,20.48,1.31,210.98
566873,2,20.17,1.28,210.98
566876,2,19.87,1.25,210.99
566880,2,19.57,1.22,211
566884,2,19.26,1.19,211.01
566887,2,18.64,1.13,211.02
566891,2,18,1.06,211.04
566895,2,17.7,1.03,211.05
566898,2,17.38,1,211.06
566902,2,16.76,0.95,211.09
566906,2,16.04,0.87,211.11
566909,2,15.49,0.82,211.13
566913,2,15.12,0.77,211.13
566917,2,14.54,0.71,211.15
566920,2,14.19,0.67,211.16
566926,2,13.6,0.6,211.17
566929,2,13.3,0.57,211.18
566933,2,12.61,0.48,211.2
566937,2,12.03,0.41,211.21
566942,2,11.69,0.37,211.22
566945,2,11.08,0.29,211.23
566949,2,10.59,0.22,211.25
566953,2,10.13,0.15,211.26
566956,2,9.67,0.08,211.28
566960,2,9.51,0.05,211.28
566963,2,9.21,0.01,211.28
566967,2,8.57,-0.09,211.31
566970,2,7.88,-0.2,211.33
566974,2,7.63,-0.24,211.34
566978,2,7.33,-0.28,211.35
566981,2,6.53,-0.42,211.39
566985,2,6.39,-0.44,211.39
566989,2,5.45,-0.61,211.43
566992,2,5.13,-0.67,211.44
566996,2,4.68,-0.74,211.47
567000,2,4.2,-0.83,211.48
567003,2,3.76,-0.9,211.51
567007,2,3.55,-0.94,211.51
567010,2,2.86,-1.06,211.55
567014,2,2.61,-1.1,211.56
567018,2,2.32,-1.15,211.58
567021,2,1.51,-1.28,211.62
567025,2,1.4,-1.3,211.63
567029,2,0.49,-1.45,211.68
567036,2,-0.1,-1.54,211.73
567039,2,-0.7,-1.64,211.77
567045,2,-1.06,-1.7,211.79
567049,2,-1.57,-1.78,211.84
567052,2,-1.84,-1.82,211.86
567056,2,-2.57,-1.94,211.92
567060,2,-2.69,-1.96,211.93
567064,2,-3.38,-2.07,211.99
567067,2,-3.8,-2.14,212.03
567071,2,-4.06,-2.18,212.05
567075,2,-4.61,-2.26,212.11
567078,2,-5,-2.31,212.15
567082,2,-5.43,-2.38,212.19
567086,2,-5.99,-2.46,212.24
567089,2,-6.24,-2.5,212.26
567093,2,-6.52,-2.54,212.29
567097,2,-7.04,-2.61,212.33
567101,2,-7.32,-2.64,212.36
567104,2,-7.6,-2.68,212.38
567108,2,-7.88,-2.72,212.41
567112,2,-8.65,-2.82,212.47
567116,2,-8.91,-2.85,212.49
567119,2,-9.21,-2.89,212.52
567123,2,-9.48,-2.93,212.54
567127,2,-9.99,-2.99,212.58
567130,2,-10.56,-3.07,212.63
567134,2,-10.75,-3.1,212.65
567138,2,-11.33,-3.18,212.7
567142,2,-11.74,-3.24,212.73
567146,2,-12.08,-3.28,212.76
567150,2,-12.46,-3.33,212.8
567153,2,-12.81,-3.38,212.82
567157,2,-13.14,-3.43,212.85
567161,2,-13.5,-3.48,212.88
567165,2,-13.61,-3.5,212.89
567169,2,-14.25,-3.6,212.95
567173,2,-14.48,-3.65,212.98
567177,2,-14.86,-3.71,213.01
567181,2,-15.07,-3.76,213.03
567187,2,-15.5,-3.84,213.07
567191,2,-15.88,-3.92,213.1
567195,2,-16.06,-3.96,213.11
567198,2,-16.57,-4.07,213.16
567202,2,-16.65,-4.09,213.16
567206,2,-17.16,-4.21,213.2
567210,2,-17.25,-4.23,213.2
567214,2,-17.77,-4.36,213.24
567218,2,-17.84,-4.38,213.24
567221,2,-18.37,-4.53,213.28
567225,2,-18.43,-4.54,213.28
567229,2,-19.03,-4.71,213.32
567233,2,-19.21,-4.77,213.34
567237,2,-19.61,-4.89,213.37
567241,2,-19.9,-4.97,213.4
567245,2,-20.19,-5.07,213.42
567249,2,-20.53,-5.18,213.45
567252,2,-20.73,-5.24,213.48
567256,2,-21,-5.33,213.51
567260,2,-21.27,-5.41,213.54
567264,2,-21.53,-5.49,213.57
567268,2,-21.78,-5.56,213.59
567271,2,-22.06,-5.64,213.62
567275,2,-22.27,-5.7,213.65
567279,2,-22.52,-5.76,213.67
567283,2,-22.75,-5.82,213.7
567287,2,-22.84,-5.84,213.7
567291,2,-23.3,-5.95,213.74
567294,2,-23.46,-5.99,213.76
567298,2,-23.75,-6.06,213.78
567302,2,-23.93,-6.1,213.8
567306,2,-24.21,-6.16,213.81
567310,2,-24.37,-6.2,213.83
567314,2,-24.84,-6.3,213.86
567318,2,-25.02,-6.35,213.87
567322,2,-25.18,-6.38,213.87
567326,2,-25.52,-6.46,213.9
567329,2,-25.7,-6.51,213.92
567333,2,-26.05,-6.58,213.93
567337,2,-26.24,-6.64,213.96
567341,2,-26.52,-6.7,213.98
567345,2,-26.58,-6.71,213.98
567349,2,-27.14,-6.84,214.03
567353,2,-27.49,-6.92,214.07
567359,2,-27.68,-6.96,214.1
567363,2,-28.03,-7.03,214.14
567367,2,-28.37,-7.11,214.18
567370,2,-28.63,-7.17,214.22
567374,2,-28.89,-7.23,214.27
567380,2,-29.15,-7.28,214.31
567383,2,-29.39,-7.34,214.35
567387,2,-29.77,-7.42,214.41
567391,2,-29.89,-7.44,214.42
567395,2,-30.06,-7.48,214.45
567399,2,-30.53,-7.61,214.53
567403,2,-30.7,-7.65,214.56
567407,2,-31.22,-7.8,214.65
567411,2,-31.24,-7.8,214.66
567415,2,-31.41,-7.86,214.69
567419,2,-31.92,-8.02,214.79
567423,2,-32.09,-8.07,214.83
567427,2,-32.48,-8.2,214.92
567431,2,-32.65,-8.25,214.95
567434,2,-32.85,-8.32,215
567438,2,-33.33,-8.47,215.12
567442,2,-33.39,-8.49,215.13
567446,2,-33.89,-8.64,215.26
567450,2,-33.93,-8.65,215.27
567454,2,-34.28,-8.74,215.37
567457,2,-34.45,-8.79,215.41
567461,2,-34.94,-8.91,215.54
567465,2,-35.1,-8.94,215.59
567469,2,-35.46,-9.02,215.69
567473,2,-35.61,-9.06,215.74
567477,2,-35.94,-9.13,215.83
567480,2,-36.19,-9.18,215.9
567484,2,-36.43,-9.24,215.97
567488,2,-36.73,-9.31,216.05
567492,2,-36.92,-9.35,216.1
567496,2,-37.19,-9.43,216.19
567500,2,-37.4,-9.5,216.26
567503,2,-37.67,-9.57,216.33
567507,2,-37.89,-9.64,216.4
567511,2,-38,-9.68,216.43
567515,2,-38.15,-9.73,216.48
567519,2,-38.62,-9.88,216.62
567523,2,-38.94,-9.99,216.72
567527,2,-39.1,-10.06,216.78
567530,2,-39.41,-10.17,216.88
567534,2,-39.6,-10.23,216.94
567538,2,-39.89,-10.34,217.04
567542,2,-40.09,-10.41,217.11
567546,2,-40.21,-10.45,217.15
567550,2,-40.35,-10.5,217.2
567554,2,-40.66,-10.6,217.31
567558,2,-41.1,-10.75,217.48
567562,2,-41.28,-10.8,217.54
567566,2,-41.52,-10.89,217.64
567570,2,-41.71,-10.94,217.71
567574,2,-41.79,-10.95,217.74
567578,2,-41.91,-10.99,217.79
567582,2,-42.3,-11.1,217.95
567586,2,-42.52,-11.16,218.03
567590,2,-42.64,-11.2,218.08
567594,2,-42.76,-11.23,218.13
567598,2,-42.87,-11.27,218.17
567602,2,-43.22,-11.39,218.32
567606,2,-43.42,-11.47,218.4
567612,2,-43.75,-11.6,218.53
567617,2,-43.87,-11.66,218.58
567621,2,-43.98,-11.72,218.63
567625,2,-44.09,-11.79,218.68
567629,2,-44.56,-12.04,218.85
567633,2,-44.7,-12.14,218.91
567637,2,-44.85,-12.24,218.97
567641,2,-45.09,-12.4,219.06
567645,2,-45.27,-12.53,219.13
567648,2,-45.5,-12.69,219.21
567652,2,-45.64,-12.79,219.26
567656,2,-46.06,-13.1,219.43
567660,2,-46.18,-13.18,219.47
567664,2,-46.36,-13.31,219.54
567668,2,-46.6,-13.49,219.64
567672,2,-46.74,-13.58,219.7
567676,2,-46.87,-13.67,219.75
567680,2,-47,-13.77,219.82
567684,2,-47.42,-14.05,220.01
567688,2,-47.66,-14.21,220.13
567692,2,-47.79,-14.3,220.2
567696,2,-47.91,-14.39,220.27
567700,2,-48.29,-14.63,220.48
567704,2,-48.44,-14.73,220.57
567708,2,-48.68,-14.87,220.71
567712,2,-48.85,-14.98,220.8
567716,2,-49.07,-15.12,220.94
567720,2,-49.27,-15.24,221.05
567724,2,-49.35,-15.29,221.1
567728,2,-49.76,-15.54,221.33
567732,2,-49.91,-15.63,221.41
567736,2,-50.2,-15.81,221.57
567740,2,-50.4,-15.93,221.66
567743,2,-50.5,-15.99,221.72
567747,2,-50.87,-16.21,221.91
567751,2,-51.11,-16.36,222.03
567755,2,-51.39,-16.52,222.16
567759,2,-51.59,-16.64,222.25
567763,2,-51.84,-16.78,222.37
567767,2,-52.06,-16.91,222.47
567771,2,-52.31,-17.05,222.59
567775,2,-52.54,-17.18,222.69
567779,2,-52.78,-17.31,222.8
567783,2,-53.04,-17.45,222.93
567787,2,-53.25,-17.57,223.03
567791,2,-53.49,-17.7,223.16
567795,2,-53.71,-17.83,223.28
567799,2,-53.94,-17.97,223.42
567804,2,-54.21,-18.12,223.58
567807,2,-54.35,-18.21,223.67
567811,2,-54.5,-18.31,223.78
567815,2,-54.77,-18.49,223.97
567819,2,-54.91,-18.59,224.08
567823,2,-55.18,-18.8,224.31
567829,2,-55.51,-19.08,224.6
567833,2,-55.71,-19.24,224.79
567837,2,-55.84,-19.37,224.92
567841,2,-56.36,-19.91,225.48
567845,2,-56.48,-20.06,225.62
567849,2,-56.63,-20.24,225.8
567853,2,-56.74,-20.38,225.93
567857,2,-56.86,-20.56,226.09
567861,2,-57.35,-21.25,226.72
567864,2,-57.48,-21.48,226.91
567868,2,-57.6,-21.7,227.09
567872,2,-57.71,-21.89,227.26
567876,2,-57.84,-22.11,227.43
567880,2,-58.19,-22.77,227.97
567884,2,-58.42,-23.21,228.32
567888,2,-58.54,-23.46,228.5
567892,2,-58.77,-23.91,228.87
567896,2,-58.91,-24.2,229.09
567900,2,-59.01,-24.39,229.25
567904,2,-59.14,-24.63,229.44
567908,2,-59.61,-25.58,230.21
567912,2,-59.74,-25.86,230.44
567916,2,-59.87,-26.11,230.65
567920,2,-60.09,-26.59,231.05
567924,2,-60.22,-26.9,231.31
567928,2,-60.3,-27.07,231.47
567932,2,-60.63,-27.8,232.1
567936,2,-60.74,-28.07,232.33
567939,2,-60.85,-28.31,232.55
567943,2,-61.06,-28.82,233
567947,2,-61.25,-29.29,233.42
567951,2,-61.39,-29.62,233.71
567955,2,-61.46,-29.79,233.87
567959,2,-61.56,-30.04,234.09
567963,2,-61.87,-30.82,234.79
567967,2,-62.07,-31.33,235.25
567971,2,-62.19,-31.65,235.55
567976,2,-62.37,-32.13,235.97
567980,2,-62.56,-32.64,236.43
567985,2,-62.68,-32.99,236.74
567989,2,-62.85,-33.43,237.14
567992,2,-63.01,-33.92,237.57
567996,2,-63.04,-33.96,237.62
568000,2,-63.22,-34.51,238.1
568004,2,-63.44,-35.17,238.7
568008,2,-63.49,-35.31,238.82
568012,2,-63.74,-36.09,239.54
568016,2,-63.82,-36.34,239.76
568020,2,-63.99,-36.85,240.23
568024,2,-64.11,-37.26,240.61
568028,2,-64.16,-37.39,240.72
568033,2,-64.4,-38.19,241.46
568037,2,-64.47,-38.44,241.69
568041,2,-64.65,-39,242.22
568044,2,-64.77,-39.42,242.61
568048,2,-64.8,-39.55,242.73
568052,2,-65.06,-40.39,243.52
568056,2,-65.13,-40.65,243.77
568060,2,-65.21,-40.94,244.04
568064,2,-65.4,-41.68,244.73
568068,2,-65.43,-41.8,244.84
568073,2,-65.67,-42.68,245.67
568077,2,-65.74,-42.97,245.93
568080,2,-65.89,-43.6,246.51
568084,2,-66,-44.08,246.96
568088,2,-66.03,-44.2,247.07
568093,2,-66.23,-45.13,247.92
568097,2,-66.3,-45.42,248.19
568101,2,-66.45,-46.08,248.81
568104,2,-66.58,-46.65,249.34
568108,2,-66.64,-46.95,249.62
568112,2,-66.7,-47.23,249.88
568116,2,-66.77,-47.55,250.18
568120,2,-66.9,-48.13,250.72
568124,2,-67.1,-49,251.55
568128,2,-67.17,-49.32,251.85
568132,2,-67.28,-49.82,252.33
568136,2,-67.34,-50.11,252.61
568140,2,-67.46,-50.65,253.12
568144,2,-67.52,-50.93,253.39
568148,2,-67.58,-51.21,253.67
568152,2,-67.65,-51.52,253.97
568156,2,-67.83,-52.42,254.85
568160,2,-67.87,-52.63,255.05
568164,2,-67.93,-52.95,255.36
568168,2,-68.05,-53.55,255.96
568172,2,-68.23,-54.47,256.88
568176,2,-68.3,-54.84,257.25
568180,2,-68.42,-55.46,257.88
568183,2,-68.5,-55.88,258.3
568187,2,-68.53,-56.12,258.54
568191,2,-68.59,-56.46,258.89
568195,2,-68.77,-57.52,259.97
568199,2,-68.81,-57.81,260.26
568203,2,-68.87,-58.16,260.62
568207,2,-69.06,-59.45,261.97
568211,2,-69.07,-59.5,262.02
568215,2,-69.12,-59.8,262.33
568219,2,-69.25,-60.74,263.3
568223,2,-69.3,-61.09,263.66
568227,2,-69.38,-61.63,264.2
568232,2,-69.43,-62,264.57
568236,2,-69.48,-62.47,265.04
568240,2,-69.52,-62.75,265.32
568244,2,-69.59,-63.42,266
568248,2,-69.64,-63.84,266.42
568252,2,-69.68,-64.28,266.86
568257,2,-69.71,-64.65,267.22
568261,2,-69.72,-64.83,267.39
568265,2,-69.77,-65.61,268.14
568269,2,-69.8,-66.01,268.51
568273,2,-69.8,-66.11,268.61
568277,2,-69.83,-66.85,269.28
568281,2,-69.82,-66.92,269.34
568285,2,-69.84,-67.69,270.04
568289,2,-69.84,-67.96,270.29
568293,2,-69.86,-68.81,271.02
568297,2,-69.86,-69.04,271.22
568301,2,-69.86,-69.36,271.49
568305,2,-69.86,-69.54,271.64
568309,2,-69.87,-69.77,271.84
568313,2,-69.88,-70.63,272.56
568317,2,-69.89,-70.83,272.73
568321,2,-69.89,-71.18,273.03
568325,2,-69.9,-71.34,273.18
568329,2,-69.91,-71.66,273.44
568333,2,-69.92,-71.81,273.58
568337,2,-69.93,-72.07,273.81
568341,2,-69.94,-72.28,274
568345,2,-69.94,-72.4,274.11
568349,2,-69.96,-72.6,274.29
568353,2,-69.96,-72.71,274.38
568357,2,-69.97,-72.86,274.52
568360,2,-69.98,-72.91,274.56
568364,2,-70,-73.27,274.88
568368,2,-70,-73.27,274.88
568372,2,-70,-73.35,274.95
568377,2,-70.02,-73.63,275.19
568381,2,-70.03,-73.71,275.25
568385,2,-70.04,-73.77,275.3
568388,2,-70.05,-73.85,275.37
568392,2,-70.07,-74.06,275.53
568396,2,-70.08,-74.1,275.57
568400,2,-70.1,-74.2,275.63
568404,2,-70.12,-74.25,275.66
568408,2,-70.14,-74.27,275.67
568412,2,-70.16,-74.25,275.64
568416,2,-70.19,-74.23,275.62
568420,2,-70.2,-74.22,275.6
568424,2,-70.22,-74.15,275.53
568428,2,-70.23,-74.1,275.48
568432,2,-70.25,-74.04,275.42
568436,2,-70.26,-73.99,275.37
568440,2,-70.26,-73.98,275.35
568444,2,-70.28,-73.86,275.23
568448,2,-70.29,-73.82,275.19
568452,2,-70.3,-73.75,275.12
568456,2,-70.3,-73.69,275.05
568460,2,-70.3,-73.63,274.99
568464,2,-70.3,-73.57,274.91
568468,2,-70.29,-73.5,274.83
568471,2,-70.29,-73.43,274.75
568475,2,-70.28,-73.38,274.69
568479,2,-70.27,-73.28,274.58
568483,2,-70.27,-73.2,274.49
568487,2,-70.26,-73.1,274.38
568491,2,-70.25,-73.01,274.27
568495,2,-70.24,-72.9,274.15
568499,2,-70.23,-72.78,274.03
568503,2,-70.23,-72.67,273.91
568507,2,-70.22,-72.56,273.79
568511,2,-70.22,-72.45,273.66
568515,2,-70.22,-72.33,273.54
568519,2,-70.22,-72.17,273.37
568523,2,-70.21,-72.06,273.25
568527,2,-70.22,-71.93,273.11
568531,2,-70.22,-71.78,272.96
568535,2,-70.22,-71.63,272.81
568539,2,-70.22,-71.57,272.75
568543,2,-70.22,-71.35,272.52
568547,2,-70.22,-71.19,272.35
568550,2,-70.22,-71.07,272.24
568554,2,-70.22,-70.92,272.09
568558,2,-70.21,-70.77,271.94
568562,2,-70.21,-70.63,271.79
568566,2,-70.2,-70.45,271.61
568570,2,-70.19,-70.29,271.45
568574,2,-70.18,-70.12,271.28
568578,2,-70.17,-70.01,271.16
568582,2,-70.15,-69.78,270.93
568586,2,-70.13,-69.59,270.75
568590,2,-70.1,-69.39,270.56
568594,2,-70.09,-69.16,270.33
568598,2,-70.06,-68.96,270.14
568602,2,-70.03,-68.72,269.91
568606,2,-70,-68.44,269.65
568610,2,-69.97,-68.16,269.37
568614,2,-69.92,-67.82,269.03
568618,2,-69.89,-67.54,268.76
568622,2,-69.84,-67.2,268.41
568625,2,-69.79,-66.88,268.08
568629,2,-69.74,-66.52,267.68
568633,2,-69.67,-66.1,267.22
568637,2,-69.62,-65.8,266.88
568641,2,-69.56,-65.41,266.45
568645,2,-69.49,-65.05,266.04
568649,2,-69.43,-64.65,265.58
568653,2,-69.34,-64.16,265.01
568657,2,-69.28,-63.85,264.65
568661,2,-69.2,-63.42,264.16
568665,2,-69.11,-62.99,263.68
568669,2,-69.08,-62.79,263.44
568673,2,-68.94,-62.02,262.6
568677,2,-68.84,-61.49,262.01
568681,2,-68.73,-60.92,261.4
568685,2,-68.63,-60.35,260.79
568689,2,-68.57,-60.07,260.49
568693,2,-68.38,-59.11,259.48
568697,2,-68.34,-58.88,259.24
568701,2,-68.1,-57.8,258.12
568704,2,-68.06,-57.61,257.91
568708,2,-67.78,-56.42,256.69
568712,2,-67.62,-55.76,256.02
568716,2,-67.55,-55.47,255.73
568720,2,-67.44,-55.05,255.31
568724,2,-67.23,-54.23,254.51
568728,2,-66.96,-53.19,253.53
568732,2,-65.97,-51.75,252.71
568736,2,-65.66,-51.29,252.43
568740,2,-65.43,-50.39,251.56
568744,2,-65.37,-50.23,251.4
568748,2,-65.06,-49.26,250.46
568752,2,-64.88,-48.71,249.92
568756,2,-64.81,-48.49,249.7
568760,2,-64.53,-47.69,248.87
568764,2,-64.47,-47.53,248.71
568768,2,-64.19,-46.74,247.88
568772,2,-64.03,-46.27,247.38
568776,2,-63.95,-46.07,247.17
568779,2,-63.85,-45.78,246.86
568783,2,-63.66,-45.25,246.3
568787,2,-63.43,-44.57,245.61
568791,2,-63.29,-44.14,245.18
568795,2,-63.21,-43.92,244.96
568799,2,-63.11,-43.63,244.68
568803,2,-62.92,-43.09,244.17
568807,2,-62.68,-42.37,243.51
568811,2,-62.63,-42.21,243.36
568815,2,-62.37,-41.42,242.66
568819,2,-62.33,-41.32,242.57
568823,2,-62.03,-40.48,241.86
568827,2,-61.92,-40.19,241.62
568831,2,-61.67,-39.55,241.1
568835,2,-61.55,-39.25,240.86
568839,2,-61.43,-38.94,240.61
568843,2,-61.1,-38.17,240.01
568847,2,-61.06,-38.09,239.95
568851,2,-60.57,-37.05,239.12
568855,2,-60.56,-37.03,239.1
568859,2,-60.43,-36.77,238.89
568863,2,-60.05,-36.07,238.31
568867,2,-59.92,-35.85,238.11
568871,2,-59.64,-35.37,237.67
568875,2,-59.52,-35.17,237.47
568879,2,-59.38,-34.97,237.27
568883,2,-59.13,-34.59,236.88
568887,2,-58.76,-34.05,236.29
568891,2,-58.52,-33.72,235.92
568896,2,-58.41,-33.55,235.72
568900,2,-58.19,-33.22,235.35
568904,2,-58.03,-32.99,235.11
568908,2,-57.86,-32.73,234.82
568912,2,-57.65,-32.39,234.48
568916,2,-57.52,-32.17,234.26
568920,2,-57.31,-31.83,233.92
568924,2,-57.16,-31.56,233.68
568928,2,-56.96,-31.2,233.37
568932,2,-56.83,-30.97,233.18
568936,2,-56.56,-30.5,232.78
568940,2,-56.34,-30.11,232.48
568944,2,-56.12,-29.72,232.17
568948,2,-55.84,-29.27,231.83
568952,2,-55.62,-28.92,231.57
568956,2,-55.36,-28.53,231.28
568959,2,-55.1,-28.13,230.98
568963,2,-54.85,-27.79,230.73
568967,2,-54.56,-27.4,230.42
568971,2,-54.37,-27.15,230.23
568975,2,-54.13,-26.84,229.97
568979,2,-53.94,-26.59,229.77
568983,2,-53.74,-26.33,229.56
568987,2,-53.55,-26.1,229.36
568991,2,-53.39,-25.89,229.18
568995,2,-53.21,-25.67,228.98
568999,2,-53.08,-25.51,228.83
569003,2,-52.93,-25.33,228.67
569007,2,-52.79,-25.17,228.52
569011,2,-52.65,-24.99,228.35
569015,2,-52.57,-24.9,228.27
569019,2,-52.35,-24.66,228.05
569023,2,-52.18,-24.47,227.88
569027,2,-52.04,-24.3,227.73
569031,2,-51.86,-24.11,227.56
569034,2,-51.75,-23.99,227.46
569038,2,-51.49,-23.72,227.23
569042,2,-51.39,-23.62,227.15
569046,2,-51.08,-23.33,226.91
569050,2,-50.86,-23.15,226.75
569054,2,-50.64,-23,226.62
569058,2,-50.42,-22.85,226.49
569063,2,-50.2,-22.72,226.37
569067,2,-50.01,-22.63,226.28
569071,2,-49.71,-22.5,226.16
569075,2,-49.6,-22.46,226.12
569079,2,-49.45,-22.41,226.07
569083,2,-49.19,-22.34,225.98
569087,2,-49.05,-22.3,225.94
569093,2,-48.64,-22.23,225.82
569097,2,-48.51,-22.21,225.77
569101,2,-48.06,-22.15,225.63
569105,2,-47.83,-22.1,225.54
569109,2,-47.63,-22.05,225.46
569113,2,-47.41,-21.98,225.36
569117,2,-47.26,-21.93,225.29
569121,2,-46.93,-21.79,225.12
569125,2,-46.66,-21.66,224.97
569129,2,-46.43,-21.54,224.85
569133,2,-46.16,-21.4,224.7
569136,2,-45.89,-21.26,224.57
569140,2,-45.61,-21.12,224.44
569144,2,-45.31,-20.97,224.3
569148,2,-45,-20.81,224.18
569152,2,-44.68,-20.66,224.05
569156,2,-44.39,-20.52,223.96
569160,2,-44.08,-20.39,223.87
569164,2,-43.77,-20.25,223.78
569168,2,-43.47,-20.12,223.71
569172,2,-43.12,-19.97,223.64
569176,2,-42.87,-19.86,223.58
569180,2,-42.56,-19.73,223.52
569184,2,-42.28,-19.59,223.46
569188,2,-41.99,-19.45,223.39
569192,2,-41.65,-19.27,223.3
569196,2,-41.43,-19.15,223.24
569200,2,-41.12,-18.97,223.14
569204,2,-40.86,-18.82,223.06
569208,2,-40.58,-18.64,222.96
569211,2,-40.23,-18.41,222.83
569215,2,-40.01,-18.26,222.75
569220,2,-39.71,-18.06,222.64
569224,2,-39.47,-17.9,222.55
569228,2,-39.25,-17.76,222.47
569232,2,-38.67,-17.39,222.27
569236,2,-38.62,-17.35,222.25
569240,2,-38.15,-17.07,222.1
569244,2,-37.55,-16.75,221.93
569248,2,-37.42,-16.68,221.9
569252,2,-36.69,-16.31,221.71
569256,2,-36.42,-16.19,221.66
569260,2,-36.16,-16.07,221.6
569264,2,-35.45,-15.77,221.47
569268,2,-35.38,-15.73,221.46
569272,2,-34.6,-15.4,221.33
569276,2,-34.22,-15.24,221.28
569280,2,-34.09,-15.19,221.25
569284,2,-33.42,-14.92,221.17
569288,2,-33.33,-14.88,221.16
569293,2,-32.57,-14.59,221.06
569297,2,-32.33,-14.49,221.03
569300,2,-32.08,-14.39,221
569304,2,-31.11,-13.98,220.84
569308,2,-31.08,-13.97,220.84
569312,2,-30.82,-13.85,220.79
569316,2,-30.04,-13.48,220.64
569320,2,-29.77,-13.35,220.58
569324,2,-29.52,-13.22,220.52
569328,2,-29.24,-13.08,220.46
569332,2,-28.18,-12.57,220.22
569336,2,-27.87,-12.41,220.15
569340,2,-27.54,-12.26,220.07
569344,2,-27.03,-12.03,219.95
569348,2,-26.66,-11.86,219.86
569352,2,-26.2,-11.67,219.75
569356,2,-25.95,-11.57,219.69
569360,2,-25.4,-11.35,219.56
569364,2,-24.9,-11.16,219.44
569368,2,-24.6,-11.06,219.38
569372,2,-24.19,-10.93,219.29
569376,2,-23.98,-10.85,219.23
569380,2,-23.34,-10.66,219.1
569384,2,-23.13,-10.61,219.05
569387,2,-22.91,-10.55,219.01
569391,2,-22.55,-10.44,218.93
569395,2,-22.32,-10.37,218.89
569399,2,-22.18,-10.33,218.86
569403,2,-22,-10.27,218.82
569407,2,-21.48,-10.09,218.72
569413,2,-21.13,-9.94,218.65
569416,2,-20.96,-9.87,218.62
569420,2,-20.57,-9.67,218.54
569424,2,-20.44,-9.6,218.52
569428,2,-20.02,-9.38,218.44
569432,2,-19.73,-9.22,218.39
569437,2,-19.45,-9.08,218.36
569441,2,-19.16,-8.92,218.31
569445,2,-18.96,-8.82,218.28
569449,2,-18.42,-8.56,218.21
569453,2,-18.38,-8.55,218.2
569456,2,-17.98,-8.37,218.15
569460,2,-17.79,-8.3,218.13
569464,2,-17.4,-8.15,218.08
569468,2,-17.22,-8.09,218.06
569472,2,-16.86,-7.96,218.01
569476,2,-16.53,-7.85,217.97
569479,2,-16.21,-7.75,217.92
569483,2,-15.98,-7.69,217.89
569487,2,-15.76,-7.63,217.87
569491,2,-15.5,-7.57,217.84
569495,2,-15.34,-7.54,217.81
569499,2,-15.14,-7.5,217.79
569502,2,-14.94,-7.47,217.77
569506,2,-14.72,-7.44,217.74
569510,2,-14.57,-7.41,217.72
569514,2,-14.36,-7.38,217.7
569518,2,-14.2,-7.35,217.68
569522,2,-14.13,-7.34,217.67
569525,2,-14,-7.32,217.65
569530,2,-13.64,-7.24,217.61
569534,2,-13.4,-7.18,217.57
569537,2,-13.23,-7.13,217.55
569541,2,-13,-7.06,217.52
569545,2,-12.82,-7,217.49
569549,2,-12.74,-6.98,217.48
569553,2,-12.38,-6.87,217.43
569557,2,-12.3,-6.85,217.42
569560,2,-11.83,-6.71,217.36
569564,2,-11.67,-6.66,217.34
569569,2,-11.34,-6.57,217.3
569572,2,-11.15,-6.52,217.28
569576,2,-10.64,-6.41,217.24
569580,2,-10.43,-6.37,217.22
569584,2,-10.23,-6.33,217.2
569588,2,-9.85,-6.27,217.17
569591,2,-9.64,-6.24,217.16
569597,2,-9.25,-6.17,217.15
569600,2,-9.06,-6.12,217.15
569605,2,-8.86,-6.07,217.13
569609,2,-8.27,-5.93,217.1
569612,2,-8.07,-5.89,217.09
569616,2,-7.7,-5.81,217.08
569620,2,-7.51,-5.78,217.07
569624,2,-7.34,-5.74,217.07
569627,2,-7.15,-5.7,217.06
569631,2,-6.46,-5.57,217.05
569635,2,-6.25,-5.52,217.05
569639,2,-6.07,-5.48,217.04
569643,2,-5.73,-5.4,217.04
569646,2,-5.55,-5.35,217.03
569650,2,-5.22,-5.27,217.03
569654,2,-5.06,-5.23,217.02
569658,2,-4.8,-5.16,217.02
569661,2,-4.72,-5.14,217.02
569665,2,-4.56,-5.09,217.02
569669,2,-4.06,-4.95,217
569672,2,-3.89,-4.9,217
569676,2,-3.73,-4.86,216.99
569680,2,-3.33,-4.74,216.97
569684,2,-3.06,-4.66,216.97
569687,2,-2.82,-4.61,216.96
569691,2,-2.55,-4.54,216.94
569695,2,-2.37,-4.5,216.93
569698,2,-2.21,-4.46,216.93
569702,2,-2.03,-4.43,216.92
569706,2,-1.35,-4.31,216.9
569710,2,-1.31,-4.3,216.9
569713,2,-1.12,-4.28,216.89
569717,2,-0.93,-4.26,216.88
569721,2,-0.57,-4.22,216.86
569725,2,-0.39,-4.2,216.85
569728,2,-0.01,-4.17,216.84
569732,2,0.17,-4.15,216.83
569736,2,0.55,-4.13,216.81
569739,2,0.73,-4.12,216.81
569743,2,1.22,-4.08,216.79
569746,2,1.48,-4.06,216.78
569750,2,1.8,-4.04,216.78
569754,2,1.98,-4.03,216.77
569757,2,2.33,-4,216.77
569762,2,2.5,-3.98,216.76
569765,2,2.82,-3.95,216.76
569773,2,3.31,-3.9,216.76
569777,2,3.47,-3.88,216.76
569780,2,3.63,-3.86,216.76
569784,2,3.78,-3.83,216.76
569788,2,4.2,-3.77,216.77
569791,2,4.25,-3.76,216.77
569795,2,4.64,-3.69,216.78
569799,2,4.7,-3.68,216.78
569802,2,5.07,-3.59,216.78
569806,2,5.15,-3.57,216.79
569809,2,5.6,-3.47,216.79
569813,2,5.76,-3.43,216.79
569817,2,5.96,-3.38,216.78
569820,2,6.21,-3.31,216.79
569824,2,6.4,-3.26,216.78
569828,2,6.52,-3.22,216.79
569831,2,6.69,-3.18,216.79
569835,2,7.09,-3.08,216.78
569838,2,7.17,-3.06,216.78
569842,2,7.33,-3.03,216.78
569846,2,7.66,-2.95,216.76
569849,2,7.82,-2.91,216.76
569853,2,8.16,-2.85,216.75
569857,2,8.58,-2.78,216.73
569860,2,8.89,-2.73,216.71
569864,2,9.1,-2.7,216.7
569867,2,9.44,-2.65,216.68
569871,2,9.65,-2.63,216.67
569875,2,9.82,-2.61,216.66
569878,2,10.01,-2.58,216.64
569882,2,10.5,-2.54,216.61
569886,2,10.61,-2.53,216.6
569890,2,10.79,-2.52,216.58
569893,2,11.21,-2.49,216.55
569897,2,11.72,-2.46,216.51
569901,2,11.81,-2.46,216.51
569905,2,12.02,-2.45,216.49
569908,2,12.64,-2.42,216.45
569912,2,12.85,-2.42,216.43
569916,2,13.26,-2.39,216.41
569920,2,13.57,-2.39,216.39
569923,2,13.88,-2.37,216.37
569927,2,14.18,-2.35,216.36
569931,2,14.49,-2.33,216.35
569936,2,14.78,-2.31,216.33
569939,2,15.08,-2.29,216.31
569943,2,15.46,-2.25,216.3
569947,2,15.72,-2.23,216.3
569954,2,16.2,-2.17,216.29
569958,2,16.56,-2.12,216.29
569961,2,16.77,-2.1,216.28
569965,2,16.91,-2.07,216.28
569969,2,17.41,-2,216.28
569973,2,17.57,-1.97,216.28
569977,2,17.73,-1.95,216.28
569981,2,17.9,-1.91,216.29
569984,2,18.05,-1.89,216.29
569988,2,18.51,-1.82,216.31
569992,2,18.66,-1.79,216.32
569996,2,18.95,-1.75,216.33
570000,2,19.16,-1.72,216.34
570003,2,19.22,-1.71,216.35
570007,2,19.56,-1.67,216.37
570011,2,19.76,-1.65,216.39
570015,2,19.87,-1.64,216.39
570018,2,20.12,-1.61,216.42
570022,2,20.29,-1.6,216.43
570026,2,20.47,-1.59,216.45
570029,2,20.68,-1.58,216.47
570033,2,20.79,-1.58,216.48
570037,2,20.96,-1.57,216.5
570041,2,21,-1.57,216.5
570044,2,21.31,-1.57,216.54
570048,2,21.4,-1.56,216.55
570052,2,21.59,-1.57,216.57
570056,2,21.68,-1.57,216.59
570059,2,21.86,-1.57,216.6
570063,2,21.95,-1.57,216.62
570067,2,22.08,-1.56,216.64
570071,2,22.21,-1.56,216.66
570074,2,22.34,-1.55,216.68
570078,2,22.37,-1.55,216.69
570082,2,22.58,-1.54,216.73
570086,2,22.62,-1.54,216.73
570089,2,22.86,-1.53,216.78
570093,2,22.94,-1.52,216.81
570097,2,23.06,-1.5,216.84
570100,2,23.17,-1.5,216.87
570104,2,23.28,-1.49,216.89
570108,2,23.4,-1.47,216.93
570112,2,23.47,-1.47,216.95
570116,2,23.54,-1.45,216.97
570119,2,23.75,-1.42,217.04
570125,2,23.81,-1.4,217.06
570129,2,23.94,-1.37,217.1
570133,2,24,-1.36,217.12
570137,2,24.16,-1.32,217.17
570140,2,24.18,-1.32,217.18
570144,2,24.32,-1.27,217.23
570148,2,24.39,-1.25,217.26
570152,2,24.44,-1.23,217.27
570155,2,24.54,-1.2,217.31
570159,2,24.61,-1.18,217.32
570163,2,24.64,-1.17,217.33
570167,2,24.68,-1.15,217.35
570170,2,24.83,-1.1,217.38
570174,2,24.92,-1.06,217.41
570178,2,24.97,-1.05,217.41
570182,2,25.07,-1.01,217.44
570185,2,25.12,-0.99,217.44
570189,2,25.23,-0.96,217.46
570193,2,25.28,-0.95,217.46
570197,2,25.36,-0.92,217.47
570200,2,25.38,-0.92,217.48
570204,2,25.52,-0.88,217.49
570208,2,25.54,-0.88,217.48
570212,2,25.68,-0.84,217.49
570215,2,25.7,-0.83,217.49
570219,2,25.85,-0.8,217.48
570223,2,25.93,-0.77,217.47
570227,2,26.02,-0.74,217.47
570230,2,26.12,-0.72,217.47
570234,2,26.21,-0.7,217.46
570238,2,26.3,-0.68,217.45
570242,2,26.41,-0.64,217.44
570245,2,26.44,-0.64,217.43
570249,2,26.66,-0.59,217.42
570253,2,26.73,-0.58,217.41
570256,2,26.81,-0.57,217.4
570260,2,26.98,-0.54,217.38
570264,2,27.13,-0.52,217.36
570268,2,27.22,-0.51,217.35
570271,2,27.34,-0.5,217.33
570275,2,27.38,-0.49,217.33
570279,2,27.59,-0.47,217.3
570283,2,27.63,-0.47,217.3
570286,2,27.84,-0.45,217.28
570290,2,27.97,-0.44,217.25
570294,2,28.09,-0.43,217.23
570298,2,28.2,-0.42,217.22
570301,2,28.32,-0.41,217.2
570305,2,28.43,-0.4,217.17
570309,2,28.58,-0.38,217.14
570313,2,28.65,-0.37,217.13
570316,2,28.75,-0.36,217.11
570320,2,28.79,-0.35,217.1
570324,2,28.86,-0.34,217.08
570328,2,28.99,-0.32,217.06
570331,2,29.17,-0.28,217.01
570335,2,29.22,-0.27,217
570339,2,29.26,-0.25,216.99
570342,2,29.31,-0.24,216.97
570346,2,29.41,-0.21,216.94
570350,2,29.46,-0.2,216.93
570354,2,29.51,-0.18,216.91
570357,2,29.52,-0.17,216.91
570361,2,29.57,-0.14,216.89
570365,2,29.58,-0.14,216.88
570369,2,29.61,-0.12,216.85
570372,2,29.61,-0.1,216.84
570376,2,29.61,-0.1,216.83
570380,2,29.59,-0.09,216.82
570384,2,29.57,-0.09,216.8
570387,2,29.54,-0.09,216.78
570391,2,29.51,-0.09,216.77
570395,2,29.49,-0.09,216.77
570399,2,29.46,-0.1,216.76
570402,2,29.41,-0.11,216.74
570406,2,29.37,-0.12,216.74
570410,2,29.28,-0.13,216.72
570413,2,29.24,-0.15,216.72
570417,2,29.14,-0.18,216.7
570421,2,29.09,-0.19,216.7
570425,2,28.99,-0.22,216.69
570428,2,28.93,-0.23,216.69
570432,2,28.8,-0.25,216.7
570436,2,28.74,-0.27,216.7
570440,2,28.61,-0.3,216.7
570443,2,28.53,-0.3,216.71
570447,2,28.3,-0.34,216.72
570451,2,28.23,-0.35,216.73
570455,2,28.06,-0.36,216.74
570458,2,27.93,-0.36,216.75
570462,2,27.79,-0.37,216.76
570466,2,27.66,-0.38,216.78
570470,2,27.51,-0.38,216.79
570473,2,27.3,-0.38,216.8
570477,2,27.19,-0.38,216.81
570481,2,26.97,-0.38,216.82
570485,2,26.86,-0.38,216.82
570489,2,26.63,-0.38,216.83
570492,2,26.49,-0.38,216.83
570496,2,26.25,-0.39,216.83
570500,2,26.1,-0.39,216.83
570504,2,25.87,-0.4,216.82
570507,2,25.81,-0.4,216.81
570511,2,25.4,-0.42,216.78
570515,2,25.33,-0.42,216.77
570518,2,24.86,-0.46,216.73
570522,2,24.77,-0.47,216.71
570526,2,24.24,-0.52,216.64
570530,2,23.88,-0.56,216.58
570533,2,23.51,-0.6,216.53
570537,2,23.13,-0.65,216.47
570541,2,22.7,-0.7,216.4
570545,2,22.25,-0.75,216.33
570548,2,21.62,-0.82,216.23
570552,2,21.28,-0.86,216.18
570556,2,20.59,-0.95,216.08
570561,2,20.21,-0.99,216.03
570565,2,19.46,-1.09,215.94
570568,2,18.89,-1.17,215.87
570572,2,18.68,-1.19,215.85
570576,2,18.27,-1.25,215.81
570579,2,17,-1.41,215.69
570585,2,16.14,-1.54,215.62
570589,2,15.71,-1.59,215.58
570593,2,14.64,-1.73,215.51
570596,2,14.34,-1.77,215.49
570600,2,13.22,-1.9,215.44
570604,2,12.4,-2,215.39
570608,2,11.78,-2.07,215.37
570611,2,11.41,-2.12,215.35
570615,2,10.9,-2.18,215.33
570619,2,9.39,-2.37,215.29
570622,2,8.84,-2.45,215.27
570626,2,7.88,-2.6,215.24
570630,2,7.05,-2.72,215.21
570633,2,6.58,-2.81,215.2
570637,2,6.02,-2.9,215.18
570641,2,4.45,-3.16,215.14
570644,2,4.17,-3.21,215.14
570648,2,3.52,-3.33,215.12
570652,2,2.22,-3.56,215.1
570655,2,0.56,-3.87,215.08
570659,2,-0.59,-4.07,215.08
570662,2,-1.49,-4.23,215.08
570666,2,-2.73,-4.44,215.1
570670,2,-3.71,-4.61,215.12
570674,2,-4.8,-4.8,215.15
570677,2,-4.97,-4.82,215.15
570681,2,-7.2,-5.18,215.25
570688,2,-9.36,-5.5,215.36
570695,2,-10.74,-5.69,215.46
570699,2,-11.43,-5.79,215.51
570703,2,-13.02,-6.01,215.64
570707,2,-14.04,-6.15,215.74
570710,2,-14.63,-6.23,215.8
570714,2,-15.82,-6.39,215.93
570718,2,-16.73,-6.53,216.04
570722,2,-17.62,-6.66,216.14
570726,2,-18.49,-6.8,216.25
570730,2,-19.35,-6.95,216.34
570733,2,-20.41,-7.14,216.48
570737,2,-21.05,-7.26,216.55
570741,2,-21.5,-7.34,216.61
570745,2,-22.03,-7.44,216.67
570749,2,-23.7,-7.75,216.88
570753,2,-24.27,-7.85,216.95
570757,2,-24.84,-7.96,217.03
570760,2,-26.5,-8.24,217.25
570764,2,-27.06,-8.34,217.33
570768,2,-28.06,-8.51,217.49
570772,2,-28.59,-8.61,217.57
570776,2,-29.44,-8.76,217.72
570780,2,-29.58,-8.78,217.74
570784,2,-30.99,-9.01,217.99
570788,2,-31.44,-9.09,218.07
570791,2,-32.26,-9.24,218.23
570795,2,-32.67,-9.31,218.31
570799,2,-33.09,-9.4,218.4
570803,2,-34.05,-9.61,218.63
570807,2,-34.21,-9.64,218.67
570811,2,-35.15,-9.88,218.91
570814,2,-35.27,-9.92,218.94
570818,2,-36.2,-10.17,219.2
570822,2,-36.3,-10.21,219.23
570826,2,-37.58,-10.63,219.62
570832,2,-37.95,-10.76,219.73
570839,2,-38.9,-11.11,220.02
570843,2,-39.53,-11.35,220.21
570847,2,-39.86,-11.49,220.32
570851,2,-40.45,-11.72,220.49
570855,2,-40.82,-11.87,220.61
570859,2,-41.07,-11.97,220.68
570862,2,-41.35,-12.08,220.76
570867,2,-42.48,-12.53,221.11
570871,2,-42.78,-12.64,221.2
570875,2,-43.15,-12.78,221.3
570879,2,-43.35,-12.86,221.37
570883,2,-43.61,-12.95,221.45
570887,2,-44.41,-13.25,221.71
570891,2,-44.65,-13.34,221.79
570895,2,-44.89,-13.43,221.87
570899,2,-45.81,-13.8,222.22
570903,2,-45.85,-13.81,222.22
570907,2,-46.09,-13.91,222.32
570910,2,-46.75,-14.21,222.59
570914,2,-47.03,-14.34,222.71
570918,2,-47.41,-14.53,222.89
570922,2,-47.73,-14.69,223.02
570927,2,-48.08,-14.89,223.2
570931,2,-48.32,-15.03,223.3
570935,2,-48.92,-15.38,223.6
570939,2,-49.03,-15.44,223.65
570943,2,-49.71,-15.87,224
570947,2,-50.1,-16.13,224.21
570952,2,-50.27,-16.23,224.3
570956,2,-50.8,-16.58,224.59
570960,2,-51.08,-16.76,224.73
570964,2,-51.62,-17.11,225.03
570968,2,-52.48,-17.69,225.52
570972,2,-52.77,-17.88,225.68
570976,2,-53.05,-18.07,225.84
570980,2,-53.34,-18.27,226.01
570984,2,-53.91,-18.67,226.35
570987,2,-54.64,-19.18,226.78
570991,2,-54.79,-19.28,226.87
570995,2,-55.56,-19.84,227.37
570999,2,-55.67,-19.93,227.45
571003,2,-56.5,-20.54,228.01
571007,2,-56.99,-20.89,228.34
571011,2,-57.16,-21.02,228.46
571015,2,-57.94,-21.63,229.03
571019,2,-58.07,-21.73,229.12
571023,2,-58.9,-22.4,229.76
571027,2,-59.37,-22.79,230.13
571031,2,-59.59,-22.99,230.31
571035,2,-59.9,-23.26,230.57
571039,2,-60.52,-23.83,231.08
571043,2,-61.35,-24.63,231.82
571047,2,-61.46,-24.74,231.92
571051,2,-62.34,-25.68,232.77
571055,2,-62.41,-25.76,232.85
571058,2,-63.03,-26.47,233.49
571062,2,-63.78,-27.47,234.41
571066,2,-63.93,-27.68,234.6
571070,2,-64.67,-28.85,235.68
571074,2,-64.75,-28.99,235.81
571078,2,-65.51,-30.22,237.01
571082,2,-65.78,-30.68,237.45
571086,2,-66.3,-31.65,238.41
571090,2,-66.51,-32.06,238.83
571094,2,-66.74,-32.52,239.29
571098,2,-67.32,-33.75,240.53
571102,2,-67.36,-33.86,240.64
571106,2,-68.06,-35.58,242.38
571110,2,-68.08,-35.63,242.43
571114,2,-68.24,-36.06,242.86
571118,2,-68.55,-36.94,243.74
571122,2,-68.71,-37.39,244.19
571127,2,-69.16,-38.75,245.54
571131,2,-69.44,-39.68,246.46
571137,2,-69.72,-40.6,247.36
571141,2,-69.85,-41.1,247.84
571145,2,-69.99,-41.57,248.3
571148,2,-70.36,-42.98,249.63
571152,2,-70.48,-43.42,250.05
571156,2,-70.59,-43.91,250.5
571160,2,-70.8,-44.79,251.32
571164,2,-70.9,-45.24,251.74
571168,2,-71.17,-46.49,252.89
571172,2,-71.26,-46.91,253.26
571176,2,-71.33,-47.33,253.64
571180,2,-71.52,-48.34,254.56
571184,2,-71.54,-48.47,254.67
571188,2,-71.71,-49.51,255.59
571192,2,-71.79,-49.96,255.99
571196,2,-71.81,-50.16,256.16
571200,2,-71.92,-50.9,256.81
571204,2,-71.94,-51.04,256.94
571208,2,-72.04,-51.84,257.63
571212,2,-72.06,-52.09,257.84
571216,2,-72.09,-52.35,258.06
571220,2,-72.12,-52.6,258.28
571223,2,-72.18,-53.08,258.69
571227,2,-72.27,-53.8,259.32
571231,2,-72.31,-54.05,259.54
571235,2,-72.34,-54.27,259.74
571239,2,-72.38,-54.52,259.96
571243,2,-72.45,-54.98,260.38
571247,2,-72.57,-55.68,261
571251,2,-72.63,-55.95,261.26
571255,2,-72.71,-56.3,261.58
571259,2,-72.72,-56.37,261.65
571263,2,-72.83,-56.83,262.08
571267,2,-72.97,-57.37,262.61
571271,2,-73,-57.48,262.71
571275,2,-73.15,-57.99,263.21
571279,2,-73.17,-58.06,263.28
571283,2,-73.34,-58.54,263.76
571287,2,-73.43,-58.79,264.01
571291,2,-73.46,-58.89,264.1
571295,2,-73.6,-59.23,264.43
571299,2,-73.63,-59.3,264.5
571303,2,-73.78,-59.6,264.79
571306,2,-73.88,-59.81,264.98
571310,2,-73.93,-59.91,265.07
571314,2,-73.97,-59.99,265.13
571318,2,-74.01,-60.07,265.21
571322,2,-74.11,-60.28,265.38
571326,2,-74.12,-60.3,265.41
571330,2,-74.19,-60.43,265.51
571334,2,-74.22,-60.5,265.57
571338,2,-74.28,-60.64,265.68
571342,2,-74.35,-60.84,265.83
571346,2,-74.36,-60.87,265.85
571350,2,-74.43,-61.09,266.02
571354,2,-74.44,-61.11,266.03
571358,2,-74.5,-61.4,266.25
571362,2,-74.53,-61.51,266.33
571366,2,-74.58,-61.77,266.52
571370,2,-74.59,-61.9,266.63
571374,2,-74.62,-62.03,266.73
571378,2,-74.66,-62.3,266.93
571381,2,-74.68,-62.43,267.03
571386,2,-74.76,-62.97,267.44
571391,2,-74.79,-63.1,267.53
571395,2,-74.83,-63.35,267.73
571400,2,-74.86,-63.5,267.84
571404,2,-74.89,-63.69,267.99
571408,2,-74.93,-63.92,268.17
571412,2,-74.95,-64,268.22
571416,2,-74.97,-64.09,268.29
571420,2,-75.01,-64.32,268.47
571424,2,-75.03,-64.39,268.53
571429,2,-75.07,-64.63,268.72
571433,2,-75.09,-64.73,268.8
571437,2,-75.1,-64.78,268.85
571441,2,-75.11,-64.84,268.89
571445,2,-75.14,-65.04,269.05
571449,2,-75.15,-65.1,269.09
571453,2,-75.16,-65.18,269.16
571457,2,-75.16,-65.27,269.23
571460,2,-75.18,-65.41,269.35
571464,2,-75.19,-65.61,269.5
571468,2,-75.2,-65.7,269.57
571472,2,-75.2,-65.76,269.62
571476,2,-75.2,-65.81,269.65
571480,2,-75.2,-65.95,269.76
571484,2,-75.2,-65.99,269.8
571488,2,-75.21,-66.17,269.93
571492,2,-75.21,-66.22,269.97
571496,2,-75.21,-66.28,270.03
571500,2,-75.21,-66.48,270.2
571504,2,-75.21,-66.48,270.2
571508,2,-75.21,-66.53,270.23
571512,2,-75.21,-66.73,270.41
571516,2,-75.21,-66.82,270.49
571520,2,-75.21,-66.88,270.55
571524,2,-75.2,-67.14,270.8
571528,2,-75.2,-67.29,270.93
571532,2,-75.2,-67.38,271.01
571536,2,-75.2,-67.48,271.11
571540,2,-75.2,-67.95,271.55
571544,2,-75.2,-67.97,271.57
571548,2,-75.2,-68.26,271.83
571552,2,-75.19,-68.51,272.07
571556,2,-75.19,-68.7,272.25
571560,2,-75.19,-68.92,272.45
571564,2,-75.19,-69.12,272.65
571568,2,-75.19,-69.17,272.69
571572,2,-75.18,-69.46,272.98
571576,2,-75.18,-69.5,273.02
571579,2,-75.17,-69.76,273.27
571583,2,-75.16,-69.84,273.36
571587,2,-75.15,-69.97,273.48
571591,2,-75.15,-70.06,273.57
571595,2,-75.13,-70.11,273.61
571599,2,-75.12,-70.21,273.7
571603,2,-75.11,-70.26,273.74
571607,2,-75.1,-70.34,273.79
571611,2,-75.09,-70.38,273.81
571615,2,-75.07,-70.47,273.86
571619,2,-75.05,-70.54,273.9
571623,2,-75.03,-70.63,273.95
571627,2,-75.01,-70.74,274.02
571631,2,-74.99,-70.83,274.07
571635,2,-74.97,-70.93,274.12
571639,2,-74.95,-71.02,274.17
571643,2,-74.93,-71.11,274.22
571647,2,-74.92,-71.15,274.23
571651,2,-74.9,-71.26,274.3
571655,2,-74.88,-71.35,274.35
571658,2,-74.87,-71.41,274.39
571662,2,-74.85,-71.42,274.39
571666,2,-74.84,-71.46,274.41
571670,2,-74.83,-71.47,274.41
571674,2,-74.82,-71.47,274.41
571678,2,-74.81,-71.46,274.4
571682,2,-74.8,-71.44,274.39
571686,2,-74.8,-71.39,274.35
571690,2,-74.79,-71.33,274.3
